Cruise,Cruise_ID_2,Month_local,Year_local,class,d_1m,d_7m,d_15m,d_25m,d_35m,d_55m,d_75m,d_100m,Total_sum
1,CAR-001,11,1995,Bacillariophyceae,59,72.5,21.625,75,52.218500000000006,88.61850000000001,34.246,0.522,368.9624999999999
1,CAR-001,11,1995,Coccolithophyceae,0,0.5,0.5,0,4.646999999999999,0.6915,0.1185,0,6.338499999999999
1,CAR-001,11,1995,Dinophyceae,3.5,8,9.5,3,4.382499999999999,0.095,0.091,0,28.4775
2,CAR-002,12,1995,Bacillariophyceae,295,345,279,128,107,69,46,21,1223
2,CAR-002,12,1995,Coccolithophyceae,0,0,0,0,0,0,0,0,0
2,CAR-002,12,1995,Dinophyceae,103,72,75,43,245,17,5,8,555
3,CAR-003,1,1996,Bacillariophyceae,771.92,938.1299999999999,900.865,726.8199999999998,792.382,874.2009999999999,594.5055,712.579,5007.2
3,CAR-003,1,1996,Coccolithophyceae,19.08,11.36,13.635,19.119999999999997,36.167,18.441,23.894,12.331,117.826
3,CAR-003,1,1996,Dinophyceae,34.83,6.99,8.5,17.896,44.902,11.353499999999999,24.224,15.973500000000001,124.50250000000001
4,CAR-004,2,1996,Bacillariophyceae,499.1499999999999,675.9200000000002,676.3890000000001,390.938,496.3901000000001,575.4643000000001,237.05169999999998,184.495,3317.2910169999996
4,CAR-004,2,1996,Coccolithophyceae,27.320000000000004,20.65,17.717,6.813000000000001,8.4922,1,1.2745,2.7665999999999995,82.17882999999999
4,CAR-004,2,1996,Dinophyceae,2.55,9.360000000000001,1.674,6.956,6.7837,4.7177,3.8752,1.4895999999999998,32.127939999999995
5,CAR-005,3,1996,Bacillariophyceae,665.6699999999998,1833.22,896.993,4.974,1.8085,13.5562,2.8596,0.2139,3419.4788649999996
5,CAR-005,3,1996,Coccolithophyceae,96.85999999999999,133.3,58.05,1.436,0,0,0.383,0,289.978933
5,CAR-005,3,1996,Dinophyceae,2.66,4.38,3.154,0.101,0.1595,0,0.4305,0.0952,10.47542
6,CAR-006,4,1996,Bacillariophyceae,279.58,111.46000000000004,227.13699999999992,339.926,303.9899000000001,9.0917,23.5497,2.4869,1272.0804000000003
6,CAR-006,4,1996,Coccolithophyceae,5.83,2.21,5.542,2.154,8.7392,0,0,0,24.5018
6,CAR-006,4,1996,Dinophyceae,2.19,4.99,3.383,0.733,1.3584999999999998,0.302,0,0.0317,13.0225
7,CAR-007,5,1996,Bacillariophyceae,379.9200000000001,637.4,566.606,624.9920000000001,450.98839999999996,0,9.2548,1.1277,2662.561819999999
7,CAR-007,5,1996,Coccolithophyceae,7.52,56.199999999999996,38.83,13.647,5.7767,0,3.3157,7.095,122.009
7,CAR-007,5,1996,Dinophyceae,4.43,1.6,1.645,3.8520000000000003,1.8116,0,0.5847,0.9525,13.373379999999997
8,CAR-008,6,1996,Bacillariophyceae,31.349999999999994,44.94,36.42999999999999,15.844000000000001,78.5081,15.059999999999999,12.6839,1.4932,222.24206500000003
8,CAR-008,6,1996,Coccolithophyceae,13.7,41.220000000000006,19.85,16.07,51.339999999999996,15.73,10.195,0,157.9845
8,CAR-008,6,1996,Dinophyceae,4.69,6.389999999999998,4.558000000000001,3.732,0.18,0.43,0.5429999999999999,0.0532,20.042279999999995
9,CAR-009,7,1996,Bacillariophyceae,4.5699999999999985,4.82,5.052999999999999,2.555,0.8227,2.2504000000000004,4.327100000000001,1.6932,20.124979999999997
9,CAR-009,7,1996,Coccolithophyceae,24.6,23.6,118.3,36,10.939,8.7432,5.3852,4.5,222.29725000000002
9,CAR-009,7,1996,Dinophyceae,4.08,1.07,0.714,0.175,0.3,0.02,0.08,0,6.38725
10,CAR-010,8,1996,Bacillariophyceae,20.17,68.88,12.027000000000001,5.164,4.443,2.8939,4.134999999999999,26.021499999999996,113.62435000000002
10,CAR-010,8,1996,Coccolithophyceae,9.36,100.92,17,24.18,5.99,12.185,8.98,11.67,169.63500000000002
10,CAR-010,8,1996,Dinophyceae,0.25,3.3499999999999996,4.054,0.387,0.38,0.08,4.43,1.1600000000000001,8.511499999999998
11,CAR-011,9,1996,Bacillariophyceae,9.969999999999999,3.2,3.3810000000000002,0,0.7725,0.19,0.5700000000000001,4.0649999999999995,17.525240000000004
11,CAR-011,9,1996,Coccolithophyceae,13.8,121,19.89,8.982,7.5675,11.98,0.19,0.25,184.105
11,CAR-011,9,1996,Dinophyceae,0.19,0.95,0.109,0.02,0,0,0,0,1.27
12,CAR-012,10,1996,Bacillariophyceae,25.83,13.809999999999999,9.139999999999997,5.644,11.6184,57.33250000000001,3.8406000000000002,0.19,123.50638600000002
12,CAR-012,10,1996,Coccolithophyceae,6.4,5.8,4.94,1.25,4.56,2.28,0,1.33,25.23
12,CAR-012,10,1996,Dinophyceae,1.27,0.69,3.643,4.210000000000001,3.1828,0.02,0,0,13.038574099999996
13,CAR-013,11,1996,Bacillariophyceae,0.7,16.810000000000002,4.167,266.624,11.8239,1.04,0.0625,2.1139,301.234413
13,CAR-013,11,1996,Coccolithophyceae,17.6,31.66,11.42,7.134,26.565,3.6,2.06,0.76,98.0265
13,CAR-013,11,1996,Dinophyceae,0.4,0.44000000000000006,1.3130000000000002,5.366,0.0825,0.055,0.3175,0,7.7187
14,CAR-014,12,1996,Bacillariophyceae,31.68,30.68,27.788,7.142999999999999,1.7628,1.7027999999999999,0.8178,0.25,100.83192999999999
14,CAR-014,12,1996,Coccolithophyceae,10.7,9.129999999999999,9.992,17.1,4.25,1.33,0.5,0.4225,52.555
14,CAR-014,12,1996,Dinophyceae,1.08,1.2,0.406,0.632,0.9125,0,0.7775,0.5,4.235240000000001
15,CAR-015,1,1997,Bacillariophyceae,682.8000000000001,959.87,688.241,406.5030000000001,2.5324999999999998,6.389599999999999,0.5225,0.395,2750.6370680000005
15,CAR-015,1,1997,Coccolithophyceae,32,70,0,18.46,2.44,0.76,0.19,3.4448,123.662
15,CAR-015,1,1997,Dinophyceae,0.95,0.5,6.502,3.424,0.0275,0,0.42000000000000004,0.0275,11.421499999999998
16,CAR-016,2,1997,Bacillariophyceae,128.85,133.79999999999998,76.05700000000002,80.90700000000002,4.5143,2.318,0.6500000000000001,3.1824999999999997,427.05214500000005
16,CAR-016,2,1997,Coccolithophyceae,4,1.9,3.53,3.926,1.14,1,0.57,0.19,15.4975
16,CAR-016,2,1997,Dinophyceae,5.059999999999999,13.88,1.5989999999999998,2.5389999999999997,0.37750000000000006,0.8152,0.02,0.05,24.32535
17,CAR-017,3,1997,Bacillariophyceae,925.6900000000002,258.99999999999994,780.4470000000002,113.396,12.3208,43.892399999999995,3.5973999999999995,0.8340000000000001,2136.36922
17,CAR-017,3,1997,Coccolithophyceae,2.5,2.5,13.975,6.815,4,7.1346,2,0,36.9246
17,CAR-017,3,1997,Dinophyceae,5.53,80.21,4.734,1.422,0.0625,0,1.5762,0,91.97385000000001
18,CAR-018,4,1997,Bacillariophyceae,671.12,403.25,257.68399999999997,497.84399999999994,8.1378,38.3994,34.114,16.297,1877.5430830000003
18,CAR-018,4,1997,Coccolithophyceae,30.1,11,9.25,15.37,5.25,2.5,0.5,0,73.505
18,CAR-018,4,1997,Dinophyceae,7.65,4.51,3.29,4.034,3.065,0.0417,0.0895,0,22.616
19,CAR-019,5,1997,Bacillariophyceae,1167.8899999999994,700.4399999999999,190.814,199.713,4.5877,294.2985,18.4531,2.9567,2560.21284
19,CAR-019,5,1997,Coccolithophyceae,21.1,1,7.0649999999999995,2.5,0,0.057,0,0,31.752000000000002
19,CAR-019,5,1997,Dinophyceae,2.31,3,5.949000000000001,3.8169999999999997,0.0417,0,0,0.043,15.123000000000001
20,CAR-020,6,1997,Bacillariophyceae,1164.2099999999996,688.74,186.081,199.713,4.5877,294.2985,18.4531,2.9567,2540.01154
20,CAR-020,6,1997,Coccolithophyceae,21.1,1,7.0649999999999995,2.5,0,0.057,0,0,31.752000000000002
20,CAR-020,6,1997,Dinophyceae,2.31,3,5.949000000000001,3.8169999999999997,0.0417,0,0,0.043,15.123000000000001
21,CAR-021,7,1997,Bacillariophyceae,347.54999999999995,236.67000000000002,218.25599999999997,37.66,4.149,0.0435,1.6119999999999999,0.062,845.9675000000001
21,CAR-021,7,1997,Coccolithophyceae,8.41,18,0.106,1.069,0,0.8335,0,0,28.4405
21,CAR-021,7,1997,Dinophyceae,8.219999999999999,0.6000000000000001,0.7410000000000001,1.8819999999999997,0,1.503,0.062,0.031,12.981000000000002
23,CAR-023,9,1997,Bacillariophyceae,0.5,1,0.801,0.76,0.0415,0.1635,0.218,3.4314999999999998,3.3009999999999997
23,CAR-023,9,1997,Coccolithophyceae,0,0,0,0.51,7.6025,0,0,0,8.113
23,CAR-023,9,1997,Dinophyceae,0.12,0.16,0.041,0,7.8565000000000005,0.524,0,0.192,8.712499999999999
24,CAR-024,10,1997,Bacillariophyceae,0,0,1.4330000000000003,2.005,7.93,17.106000000000005,3.4699999999999998,0.432,28.475
24,CAR-024,10,1997,Coccolithophyceae,0,0,0,0,0,0.76,0,0,0.76
24,CAR-024,10,1997,Dinophyceae,0.04,0.2,1.1620000000000001,0.868,0.801,0.082,1.76,0.054,3.170499999999999
25,CAR-025,11,1997,Bacillariophyceae,5.58,2.5800000000000005,3.8,12.790000000000001,13.3065,0.38,1.1144999999999998,0.7164999999999999,38.4835
25,CAR-025,11,1997,Coccolithophyceae,33.3,30.4,25.46,23.04,0,1.52,1.498,0.6335,113.755
25,CAR-025,11,1997,Dinophyceae,0.7000000000000002,0.24000000000000002,0.46199999999999997,1.401,4.654999999999999,0.132,0.805,1.267,7.615
26,CAR-026,12,1997,Bacillariophyceae,717.39,1224.58,639.3340000000001,6.275,42.105000000000004,1.9695,4.895,17.851499999999998,2633.3089999999993
26,CAR-026,12,1997,Coccolithophyceae,10,5,12.5,2.777,6,4.213,9,0.7665,40.49
26,CAR-026,12,1997,Dinophyceae,0.21,1.2400000000000002,625.3480000000001,0.228,0.114,0.091,0.114,0,627.244
27,CAR-027,1,1998,Bacillariophyceae,37.57,49.86,56.230000000000004,0,4.114,0,4.476,2,147.859
27,CAR-027,1,1998,Coccolithophyceae,0,0,0,0,0,0,0,1,0
27,CAR-027,1,1998,Dinophyceae,2.81,0.24,10.798,0,0.6839999999999999,0,0.119,1,14.565000000000001
28,CAR-028,2,1998,Bacillariophyceae,10.280000000000001,138.88,127.97999999999998,19.971000000000004,4.6739999999999995,10.389000000000001,5.0145,5.422,313.5242990000001
28,CAR-028,2,1998,Coccolithophyceae,9.16,19.5,19.09,28.49,3.65,3,2,0.7665,82.9483
28,CAR-028,2,1998,Dinophyceae,1.03,0.6500000000000001,0.778,0.608,0.2953,0.114,0.1135,0.087,3.600833
29,CAR-029,3,1998,Bacillariophyceae,5128.89,962.1700000000002,4564.487,105.604,23.524,3.4785,21.999,24.375,10788.889999999998
29,CAR-029,3,1998,Coccolithophyceae,0,15,17.5,5,3.334,0,0,0,40.834
29,CAR-029,3,1998,Dinophyceae,0.41,0.26,0.125,0.062,0.5625,0.25,0,1.3125,1.7329999999999999
31,CAR-031,6,1998,Bacillariophyceae,0.5700000000000001,5.24,3.249,4.25,67.44579999999999,12.856000000000002,2.9675,0,93.63180000000003
31,CAR-031,6,1998,Coccolithophyceae,17,11,74.237,0,87.452,28.72,4.641,0,218.4095
31,CAR-031,6,1998,Dinophyceae,0.16,1.62,2.791,0,10.418000000000001,0,0.0595,0,15.000000000000002
32,CAR-032,7,1998,Bacillariophyceae,18.24,187.81999999999996,40.974999999999994,7.057,4.359999999999999,1,0,0.624,259.60599999999994
32,CAR-032,7,1998,Coccolithophyceae,3,0,7.645,0,0,0,0,0.83,10.645
32,CAR-032,7,1998,Dinophyceae,0,0.5,0.16999999999999998,0,0,0,0,0,0.6845
33,CAR-033,8,1998,Bacillariophyceae,0.06,2.29,0.479,0.479,2.6875,65.94300000000001,2.0620000000000003,0.1105,71.94600000000001
33,CAR-033,8,1998,Coccolithophyceae,3.75,6.25,1.916,3.832,1.277,1,0,0,18.025
33,CAR-033,8,1998,Dinophyceae,0.74,0.12,0.9590000000000001,0.192,0.874,0,0.721,0.096,2.9175000000000004
34,CAR-034,9,1998,Bacillariophyceae,0,14.34,184.525,3.33,2.395,0.125,0.25,3.06,204.89499999999998
34,CAR-034,9,1998,Coccolithophyceae,0,0,0,0,0,0,0,0,0
34,CAR-034,9,1998,Dinophyceae,0.36,0.28,0.125,0,0.095,0,0,0,0.8799999999999999
35,CAR-035,10,1998,Bacillariophyceae,0,1.36,1.533,0,5.3740000000000006,0.048,0,0,8.33
35,CAR-035,10,1998,Coccolithophyceae,3.97,2.06,15.622,6.372,49.875,0,0,0,77.907
35,CAR-035,10,1998,Dinophyceae,3.16,1.18,0.153,0.91,6.545999999999999,0.14400000000000002,0,0,12.123
37,CAR-037,12,1998,Bacillariophyceae,0.71,2.69,1,0,1.0065,1.208,1.375,1.0625,6.6425
37,CAR-037,12,1998,Coccolithophyceae,18.59,9.57,4.437,10.687000000000001,8.875,5.573,1.4375,0,57.744
37,CAR-037,12,1998,Dinophyceae,0.30000000000000004,1.55,0,3.4359999999999995,0.877,0.125,1.2200000000000002,0.0625,6.3525
38,CAR-038,1,1999,Bacillariophyceae,205.89000000000004,266.65000000000003,219.125,1.296,1.056,1,0,0.0625,695.5589999999999
38,CAR-038,1,1999,Coccolithophyceae,3.83,73.4,44,0,7.38,1.886,0.192,0,130.6295
38,CAR-038,1,1999,Dinophyceae,8.66,1.35,6.25,0.288,0.24,0,0,0,16.8245
39,CAR-039,2,1999,Bacillariophyceae,579.6600000000001,509.36000000000007,670.981,772.7200000000001,669.5815000000001,14.552,15.628,6.479,3219.5137
39,CAR-039,2,1999,Coccolithophyceae,35,6.35,37.5,30.009,17.9175,0.1785,0,1,126.971
39,CAR-039,2,1999,Dinophyceae,20.540000000000003,4.45,4.019,5,5.7475000000000005,0.22649999999999998,0.048,1.8145,40.074999999999996
40,CAR-040,3,1999,Bacillariophyceae,1.02,0.23,4.498,2.537,9.191,0.1875,0.8335,0.3125,17.709
40,CAR-040,3,1999,Coccolithophyceae,5.54,1.53,10.08,4.789,10.968,7.2524999999999995,1.667,1.25,40.18000000000001
40,CAR-040,3,1999,Dinophyceae,0.08,8.18,2.935,9.772,4.292,0.1585,3.1875,1.3125,25.471999999999998
41,CAR-041,4,1999,Bacillariophyceae,2.1500000000000004,9.639999999999997,5.3629999999999995,4.251,46.424499999999995,51.628499999999995,12.101999999999999,0.25,119.5405
41,CAR-041,4,1999,Coccolithophyceae,16.2,13.01,9.071,13.966000000000001,32.246,2.9695,1,0.3125,87.49100000000001
41,CAR-041,4,1999,Dinophyceae,2.2600000000000002,0.98,1.804,0,6.1455,0.096,0.0565,0,11.339
42,CAR-042,5,1999,Bacillariophyceae,24.4,13.28,15.417000000000002,8.972999999999995,43.293499999999995,4.266500000000001,21.744,12.7585,109.85499999999999
42,CAR-042,5,1999,Coccolithophyceae,17.5,18.7,28.539,25.256,17.741,21.976499999999998,116.4805,10.838000000000001,129.792
42,CAR-042,5,1999,Dinophyceae,2.8,0.28,4.861,1.045,4.4365,0.3605,2.602,0.101,13.819
43,CAR-043,6,1999,Bacillariophyceae,15.83,19.3,38.928,37.976,285.167,2.783,613.018,1090.766,400.194
43,CAR-043,6,1999,Coccolithophyceae,0,0,0,0,0,3.831,0,0,3.831
43,CAR-043,6,1999,Dinophyceae,0.43,0.74,1.785,0.9580000000000001,1.167,0.196,1.278,0,5.315
44,CAR-044,7,1999,Bacillariophyceae,42,88.41,1.464,111.79299999999996,10.046,0,1.2525,0.3125,253.985
44,CAR-044,7,1999,Coccolithophyceae,5.1,3.83,1.533,12.769999999999998,5.25,0,4.599,0,28.492
44,CAR-044,7,1999,Dinophyceae,0.97,14.18,0.504,0.797,0.096,0.125,0,0.0835,16.7655
45,CAR-045,8,1999,Bacillariophyceae,8.35,0.9000000000000001,2.62,1.8279999999999998,44.611000000000004,723.3225,23.24,0.8,781.6445
45,CAR-045,8,1999,Coccolithophyceae,9.59,2.8,20.4,51.764,11.690999999999999,11.876000000000001,1.2,0,108.127
45,CAR-045,8,1999,Dinophyceae,0.28,0.8600000000000001,0.899,0.9400000000000001,0.8,1.021,0,1.6,4.808
46,CAR-046,9,1999,Bacillariophyceae,0,0.23,0,0.25,0,65.4735,0.192,0.048,65.9645
46,CAR-046,9,1999,Coccolithophyceae,0,1.52,4,2.299,5.3655,2.2995,0.0625,0,15.4975
46,CAR-046,9,1999,Dinophyceae,0.25,0.13,0.25,0.32299999999999995,2.06,0.735,0.048,0.048,3.7625
47,CAR-047,10,1999,Bacillariophyceae,0.44,10.33,0,0,0.32,0.0835,0.7569999999999999,0.256,11.185500000000001
47,CAR-047,10,1999,Coccolithophyceae,2.61,0.33,2.688,2.9690000000000003,8.4825,7.6805,1.6535,0,24.775
47,CAR-047,10,1999,Dinophyceae,0.24,0.24,0.128,1.089,0.4175,0.32,1.5005,0,2.4615
48,CAR-048,11,1999,Bacillariophyceae,0,0,0,0,0,0,0,0,0
48,CAR-048,11,1999,Coccolithophyceae,13.280000000000001,54.089999999999996,18.843,19.181,127.998,2.176,3.006,0,235.665
48,CAR-048,11,1999,Dinophyceae,0.12,0.36,2.167,0.167,0.128,0,0,0,2.974
49,CAR-049,12,1999,Bacillariophyceae,0,1.01,0,0,0,0,0,0.334,1.024
49,CAR-049,12,1999,Coccolithophyceae,38.18,16.479999999999997,12.023,23.898,14.059,16.187,5.492,5,120.85499999999999
49,CAR-049,12,1999,Dinophyceae,0.5,0.12,1.7890000000000001,0.256,0.64,0,0.256,3.502,3.314
50,CAR-050,1,2000,Bacillariophyceae,6.119999999999999,13.17,2.085,0.522,7.031000000000001,0,0,0,28.986
50,CAR-050,1,2000,Coccolithophyceae,41.33,56.8,75.03,24.192,42.439,1.408,0,0,241.399
50,CAR-050,1,2000,Dinophyceae,0.37,0.54,0,2.264,0.128,0,0,0,3.324
51,CAR-051,2,2000,Bacillariophyceae,16.129999999999995,3.08,20.009999999999998,0,3.959,0.501,0,0,43.749
51,CAR-051,2,2000,Coccolithophyceae,30.150000000000002,28.369999999999997,6.886,0,0.896,4.509,0.256,0,70.96000000000001
51,CAR-051,2,2000,Dinophyceae,0.54,0,0,0,0,0.167,0,0,0.7150000000000001
52,CAR-052,3,2000,Bacillariophyceae,6.52,0,7.662,0.348,0.128,0.835,0,0.167,15.493
52,CAR-052,3,2000,Coccolithophyceae,82.8,25.5,26.05,17.394,3.2,8.503,0.768,0.8350000000000001,163.531
52,CAR-052,3,2000,Dinophyceae,0,0.46,0,0,0,0,0,0,0.478
53,CAR-053,4,2000,Bacillariophyceae,1269.86,6.369999999999999,31.75,14.83,0.384,0.167,0,0,12728.417999999998
53,CAR-053,4,2000,Coccolithophyceae,6.51,19.76,25,7.162,7.7989999999999995,2.672,0,0,68.952
53,CAR-053,4,2000,Dinophyceae,2.1,6.789999999999999,1.25,1.408,0,0,0,0,11.571999999999997
54,CAR-054,5,2000,Bacillariophyceae,4.96,1.05,2.048,3.674,5,9.58,1536.2,0.334,26.358999999999998
54,CAR-054,5,2000,Coccolithophyceae,17.95,18.89,16.99,27.845,38.011,0.384,4.986,0,120.14699999999999
54,CAR-054,5,2000,Dinophyceae,0,1.03,0.128,0,0,0.128,0,0,1.33
55,CAR-055,6,2000,Bacillariophyceae,0.51,0,0,0,0,0,0,0,0.512
55,CAR-055,6,2000,Coccolithophyceae,11.5,3.84,28.68,2.171,0.128,2.3379999999999996,1.792,0,48.678
55,CAR-055,6,2000,Dinophyceae,1.52,0,0,0.334,1.661,0,0,0,3.5309999999999997
56,CAR-056,7,2000,Bacillariophyceae,67.97,202.75,279,0,30.671999999999997,0,0.167,6991.516,580.836
56,CAR-056,7,2000,Coccolithophyceae,0,3.83,0,0,0,10.835,0,0,14.667
56,CAR-056,7,2000,Dinophyceae,0,1.9,21.5,0.512,0,0.501,0,24.907999999999998,24.431
59,CAR-059,10,2000,Bacillariophyceae,1.56,1.2400000000000002,0.128,2.001,2.749,1.6640000000000001,0.32,4.5015,9.369500000000002
59,CAR-059,10,2000,Coccolithophyceae,9.98,13,4.6080000000000005,0.96,2.109,5.747999999999999,0.274,0.0835,36.409
59,CAR-059,10,2000,Dinophyceae,1.29,1.42,1.662,2.128,0.512,0.064,0,0.2505,7.1325
60,CAR-060,11,2000,Bacillariophyceae,0,0.33,2.7830000000000004,7.661999999999999,2.428,198.90200000000002,7.9239999999999995,0,212.109
60,CAR-060,11,2000,Coccolithophyceae,0.13,3.67,1.726,5.492,13.036,0,1.152,0,24.065
60,CAR-060,11,2000,Dinophyceae,0.13,0,0.128,2.81,0.384,0.417,0.128,0,3.876
61,CAR-061,12,2000,Bacillariophyceae,18.42,20.999999999999996,6.513,5.34,3.456,10.333,0.334,3.328,65.144
61,CAR-061,12,2000,Coccolithophyceae,26.650000000000002,29.16,0,0,0,0.167,0,8.174,56.042
61,CAR-061,12,2000,Dinophyceae,0.38,2.46,0,0.128,0.128,0,0,0,3.13
62,CAR-062,1,2001,Bacillariophyceae,342.79,255.79999999999998,337.164,449,0.501,0.501,2.672,3.072,1387.8039999999999
62,CAR-062,1,2001,Coccolithophyceae,10.530000000000001,10.530000000000001,11.495999999999999,0,2.171,1.002,0,0.256,35.745
62,CAR-062,1,2001,Dinophyceae,1.9,2.86,3.832,1.5,0.334,0.167,0.167,0,10.623
63,CAR-063,2,2001,Bacillariophyceae,704.73,369.62,101.61899999999999,277.28799999999995,137.086,8.083,1.1520000000000001,0,1599.6960000000004
63,CAR-063,2,2001,Coccolithophyceae,22.980000000000004,18.5,27.493000000000002,36.641000000000005,17.833,0,0.128,0,123.48999999999998
63,CAR-063,2,2001,Dinophyceae,17.2,2.55,0,0.833,0.313,0,0,0,20.943999999999996
64,CAR-064,3,2001,Bacillariophyceae,755.7199999999999,1269,0,132.677,6.72,0,0.192,0.5,2165.322
64,CAR-064,3,2001,Coccolithophyceae,89.96,167.5,0,5.9399999999999995,0.384,0.48,0.768,0,264.296
64,CAR-064,3,2001,Dinophyceae,0,10,0,1.916,0,0,0,0,11.916
65,CAR-065,4,2001,Bacillariophyceae,11,104.25999999999999,61.293,193.79199999999997,2.941,0,0,0,373.44
65,CAR-065,4,2001,Coccolithophyceae,11.25,11.49,6.253,10.476,4.698,3.6639999999999997,1.661,0,47.84
65,CAR-065,4,2001,Dinophyceae,0,0.63,0.417,0.384,0,0.416,0.128,0,1.856
66,CAR-066,5,2001,Bacillariophyceae,1.5,0,0.25,0,0,0,8,30.75,1.75
66,CAR-066,5,2001,Coccolithophyceae,64,29.990000000000002,32.5,83.25,9.198,0.192,1.75,0.75,219.23
66,CAR-066,5,2001,Dinophyceae,0,0,8.5,10.25,0,0,0,0,18.75
67,CAR-067,6,2001,Bacillariophyceae,0,0,0.192,0,0,0.75,0,0,0.942
67,CAR-067,6,2001,Coccolithophyceae,4.59,2.3,3.072,460,1.536,0.75,0,0,472.261
67,CAR-067,6,2001,Dinophyceae,0,0,0,0,0,2.5,0,0,2.5
68,CAR-068,7,2001,Bacillariophyceae,0,0,1.536,53.63,0,0,0,0,55.17
68,CAR-068,7,2001,Coccolithophyceae,0.76,1.25,3.066,15.32,1.344,0.384,0,0,22.136
68,CAR-068,7,2001,Dinophyceae,0.19,0,0.192,0,0,0,0,0,0.384
69,CAR-069,8,2001,Bacillariophyceae,0,0,0.96,0,0.192,0,0,0.576,1.152
69,CAR-069,8,2001,Coccolithophyceae,1.53,3.83,2.496,0.192,6.333,2.304,0,3.831,16.701
69,CAR-069,8,2001,Dinophyceae,0,0,0.192,0,0.192,0,0,0,0.384
70,CAR-070,9,2001,Bacillariophyceae,1.15,0,0,0,0.25,0,0.192,0,1.402
70,CAR-070,9,2001,Coccolithophyceae,11.1,0,0.192,5.3,0.25,1.5,2.88,2.496,18.378
70,CAR-070,9,2001,Dinophyceae,4.21,0.19,0,0.192,0,0,0.192,0.192,4.6
71,CAR-071,10,2001,Bacillariophyceae,201.92999999999998,118.55000000000001,48.54,33.507000000000005,9.088000000000001,2.048,2.816,3.0060000000000002,414.31899999999996
71,CAR-071,10,2001,Coccolithophyceae,32.95,22.700000000000003,35.242000000000004,71.012,16.476,0.64,0,0.501,179.221
71,CAR-071,10,2001,Dinophyceae,0.65,0,0.128,5.501,0.256,0.128,0,0,6.665000000000001
72,CAR-072,11,2001,Bacillariophyceae,1.91,0,10,1.533,0,0,2.08,0.16,13.449
72,CAR-072,11,2001,Coccolithophyceae,4.8,22,3.75,11.114,47.412,4.5760000000000005,1.533,0,93.65299999999999
72,CAR-072,11,2001,Dinophyceae,0.19,0.5,0,0.384,0.25,0.624,0,2.8739999999999997,1.9500000000000002
73,CAR-073,12,2001,Bacillariophyceae,3.83,0.38,0.768,0,1.536,3.6479999999999997,2.496,0,10.167000000000002
73,CAR-073,12,2001,Coccolithophyceae,4.21,0,0,10,0,0,15.324,0,14.215
73,CAR-073,12,2001,Dinophyceae,0.38,0,0,0,0.192,0,0,0,0.5760000000000001
74,CAR-074,1,2002,Bacillariophyceae,6.51,10.92,5.76,9.600000000000001,6.144,8.814,0,0,47.790000000000006
74,CAR-074,1,2002,Coccolithophyceae,15.3,26.8,22.98,19.15,23.37,0.192,0,0,107.844
74,CAR-074,1,2002,Dinophyceae,1.71,0.76,0.768,8.814,0.384,0,0,0,12.462000000000002
75,CAR-075,2,2002,Bacillariophyceae,303.22,478.5,119.40200000000003,270.84700000000004,3.072,25,0.9600000000000001,1.75,1200.846
75,CAR-075,2,2002,Coccolithophyceae,11.4,21.5,25,15.32,7.662,0,9.58,0,80.979
75,CAR-075,2,2002,Dinophyceae,0,0,0,0,0,0,0,0.25,0
76,CAR-076,3,2002,Bacillariophyceae,1021.1799999999998,879.5,605.3240000000001,1.3439999999999999,2.496,0,0,0,2514.662
76,CAR-076,3,2002,Coccolithophyceae,99.52000000000001,130,32.556,0.96,0.576,0.25,0,0.25,263.958
76,CAR-076,3,2002,Dinophyceae,1.91,5,17.242,1.536,0.384,0.25,0,0,26.328
77,CAR-077,4,2002,Bacillariophyceae,295.36,28.560000000000002,160.37300000000002,0.192,1.3439999999999999,1.92,1.7280000000000002,1.92,488.47500000000014
77,CAR-077,4,2002,Coccolithophyceae,3.83,22.96,11.493,4.215,15.324,7.662,0.192,0,65.511
77,CAR-077,4,2002,Dinophyceae,1.9,0,1.278,0.384,0,0.384,0,0,3.962
78,CAR-078,5,2002,Bacillariophyceae,0.38,1.91,2.3040000000000003,7.4879999999999995,16.512,16.704,0.384,0.174,45.312000000000005
78,CAR-078,5,2002,Coccolithophyceae,34.4,72.7,10.402000000000001,0,0,0,0,0,117.67599999999999
78,CAR-078,5,2002,Dinophyceae,0,0.95,0.96,0.192,0.384,0.384,0,0,2.880000000000001
79,CAR-079,6,2002,Bacillariophyceae,1.12,2.6799999999999997,0.384,0.96,0.576,4.992000000000001,5.5680000000000005,7.295999999999999,10.720000000000002
79,CAR-079,6,2002,Coccolithophyceae,0,0,2.554,0,0,0,0,15.324,2.554
79,CAR-079,6,2002,Dinophyceae,0,0.19,2.554,0,0.192,0,0.384,0,2.9379999999999997
80,CAR-080,7,2002,Bacillariophyceae,558.39,877.04,175.94399999999996,58.379,112.46799999999995,117.64199999999998,15.328,20.7727,1902.0208
80,CAR-080,7,2002,Coccolithophyceae,0,15.3,0,0,0,0,0,0,15.324
80,CAR-080,7,2002,Dinophyceae,0,0,2.8739999999999997,0,11.49,2.298,0,0,16.662
81,CAR-081,8,2002,Bacillariophyceae,380.33000000000015,176.13,144.25999999999996,8.622,182.02,23.95,5.1112,0.766,916.4200000000001
81,CAR-081,8,2002,Coccolithophyceae,0,0.76,0,10.346,3.1479999999999997,0,0,0,14.26
81,CAR-081,8,2002,Dinophyceae,1.91,1.91,4.789999999999999,3.832,1.916,0,0.6389,0,14.370000000000001
82,CAR-082,10,2002,Bacillariophyceae,5.539999999999999,0.42,4.416,1.152,0,2.304,5.558999999999999,0,13.866000000000001
82,CAR-082,10,2002,Coccolithophyceae,0,12.89,11.49,0.192,84.282,0,0,0,108.951
82,CAR-082,10,2002,Dinophyceae,0,0.42,3.831,0,2.746,7.662,0,0,14.665
83,CAR-083,11,2002,Bacillariophyceae,0,0.76,14.2,0.192,0,0,0.384,1.7279999999999998,15.168
83,CAR-083,11,2002,Coccolithophyceae,0,0,7.664999999999999,3.832,2.876,0,0,6.132,14.373000000000001
83,CAR-083,11,2002,Dinophyceae,0,5.29,0,0.384,0.384,7.662,0.192,0,13.73
84,CAR-084,12,2002,Bacillariophyceae,64.58,12.440000000000001,160.93800000000002,2.88,735.934,8.622,0.768,0.192,985.527
84,CAR-084,12,2002,Coccolithophyceae,0,28.52,86.197,0,0,5.108,0,0,119.85100000000001
84,CAR-084,12,2002,Dinophyceae,1.42,0.5700000000000001,0,0.768,0,0,0,0,2.7809999999999997
85,CAR-085,1,2003,Bacillariophyceae,558.39,877.04,175.94399999999996,58.379,112.46799999999995,116.9176,15.328,0,1901.2964
85,CAR-085,1,2003,Coccolithophyceae,0,15.3,0,0,0,0,0,0,15.324
85,CAR-085,1,2003,Dinophyceae,0,0,2.8739999999999997,0,11.49,2.298,0,0,16.662
86,CAR-086,2,2003,Bacillariophyceae,579.5699999999999,444.97,365.844,340.05100000000004,21.504,77.06099999999999,6.132,2.688,1829.791
86,CAR-086,2,2003,Coccolithophyceae,0,0,3.832,0,0,0,0,0,3.832
86,CAR-086,2,2003,Dinophyceae,0.24,0.63,7.662,0,0,0,1.533,0,8.542
87,CAR-087,3,2003,Bacillariophyceae,175.06999999999996,239.07,229.89399999999998,28.409000000000006,186.11200000000002,4.992,4.032,5.95,864.0960000000001
87,CAR-087,3,2003,Coccolithophyceae,20.05,40.209999999999994,3.832,1.92,5.11,0,0,1.15,71.21600000000001
87,CAR-087,3,2003,Dinophyceae,4.76,1.88,0,0.8639999999999999,3.401,0.28800000000000003,0.192,0,11.258999999999999
88,CAR-088,4,2003,Bacillariophyceae,0.19,1.5199999999999998,1.534,3.838,3.072,23.562,2.112,0.768,33.734
88,CAR-088,4,2003,Coccolithophyceae,0.19,2.3899999999999997,5.561,6.706,10.731,26.817,0,0.192,52.404
88,CAR-088,4,2003,Dinophyceae,0,0.18,1.63,0.958,1.533,0,0,0,4.313000000000001
89,CAR-089,5,2003,Bacillariophyceae,453.29000000000013,155.55999999999997,201.62300000000005,527.7280000000001,38.784000000000006,9.213000000000001,11.990000000000002,2.112,1387.1850000000002
89,CAR-089,5,2003,Coccolithophyceae,24.2,11.08,21.169,7.662,0,1.629,1.629,2.2995,65.843
89,CAR-089,5,2003,Dinophyceae,2.2199999999999998,1.1400000000000001,0,8.62,0.96,0,0.096,0.288,12.964
90,CAR-090,6,2003,Bacillariophyceae,10.53,1.53,0,0,4.9830000000000005,2.9379999999999997,0.384,12.645,19.996
90,CAR-090,6,2003,Coccolithophyceae,6.13,0,5.108,0,16.863,0,3.066,0,28.102999999999998
90,CAR-090,6,2003,Dinophyceae,0,3.4400000000000004,0.192,0,1.533,0.5760000000000001,0.192,0.192,5.7509999999999994
91,CAR-091,7,2003,Bacillariophyceae,0.09,2.4899999999999998,1.533,0.768,0.192,1.7280000000000002,2.112,0,6.808999999999999
91,CAR-091,7,2003,Coccolithophyceae,0,4.0200000000000005,3.066,0,4.599,0,2.874,0,11.687
91,CAR-091,7,2003,Dinophyceae,0.76,1.15,1.533,0,0,0,0,0,3.452
92,CAR-092,8,2003,Bacillariophyceae,1.15,1.32,4.800000000000001,384.768,77.196,10.176,3.834,2.112,479.4359999999999
92,CAR-092,8,2003,Coccolithophyceae,9.58,1.53,11.778,2.554,30.648,0,0,0,56.096999999999994
92,CAR-092,8,2003,Dinophyceae,1.91,0.76,1.151,3.514,7.662,0,0,0,15.01
93,CAR-093,9,2003,Bacillariophyceae,12.850000000000001,19.53,11.127000000000002,16.692,284.30839999999995,78.898,20.344,0,423.4615
93,CAR-093,9,2003,Coccolithophyceae,40.8,4.59,65.122,5.748,4.599,7.662,0,0,128.599
93,CAR-093,9,2003,Dinophyceae,0.19,0.38,4.119,0.749,1.9167,3.32,0.192,0.192,10.680699999999998
94,CAR-094,11,2003,Bacillariophyceae,0,45.459999999999994,8.302,19.566000000000003,0,1034.3,0,0,1107.737
94,CAR-094,11,2003,Coccolithophyceae,0,0,2.554,22.98,0,7.662,1.916,0,33.202
94,CAR-094,11,2003,Dinophyceae,0,2.72,2.24,4.242,0,0,0,0.096,9.202000000000004
97,CAR-097,2,2004,Bacillariophyceae,33.67,37.169999999999995,134.59000000000003,24.536,0.274,0,0.137,0,230.42600000000002
97,CAR-097,2,2004,Coccolithophyceae,9.58,7.66,3.831,3.832,5.108,0,0,0,30.013
97,CAR-097,2,2004,Dinophyceae,0,2.82,0.696,5.56,0.274,0.274,0,0,9.632
98,CAR-098,3,2004,Bacillariophyceae,15.7,73.27000000000001,17.584,68.592,5.492,0.16,3.832,0.16,180.88400000000001
98,CAR-098,3,2004,Coccolithophyceae,1.91,1.91,0,0,0,0,1.916,0,3.832
98,CAR-098,3,2004,Dinophyceae,5.35,6.97,4.35,5.564,1.243,0.32,0.48,0,23.852999999999998
101,CAR-101,6,2004,Bacillariophyceae,442.79999999999995,428,123.20000000000002,460,130,0,17.96,2,1584.4
101,CAR-101,6,2004,Coccolithophyceae,4.8,41.6,6.4,0,18,50,10,0,120.82
101,CAR-101,6,2004,Dinophyceae,0,0,1.6,0,2,0,1,0.04,3.6
102,CAR-102,7,2004,Bacillariophyceae,100.19999999999999,131,106,27,17,46.62,7.6000000000000005,0.44000000000000006,427.94
102,CAR-102,7,2004,Coccolithophyceae,46.8,41.6,15.600000000000001,1,5.2,31.2,0,0,141.4
102,CAR-102,7,2004,Dinophyceae,0.88,2,10,12,1.5,0.02,13.6,0.1,26.400000000000002
103,CAR-103,8,2004,Bacillariophyceae,40.97,108.8,42.9,27.72,68,68.8,6,13.680000000000001,357.26000000000005
103,CAR-103,8,2004,Coccolithophyceae,0,21.6,26.66,46.8,12,3.2,0,0,110.27000000000001
103,CAR-103,8,2004,Dinophyceae,0.57,1.6,0.66,1.32,2.4000000000000004,0.8,0,0,7.3500000000000005
104,CAR-104,9,2004,Bacillariophyceae,0,0.06,0.04,0.04,0.12,0.06,0,0,0.31999999999999995
104,CAR-104,9,2004,Coccolithophyceae,0.02,0.2,0.02,26.05,31.2,0,0,0,57.49
104,CAR-104,9,2004,Dinophyceae,0.06,0.1,0.04,0.06,0.02,0.24,0,0,0.5200000000000001
105,CAR-105,10,2004,Bacillariophyceae,25.599999999999998,0,0.04,0.27999999999999997,0.16,0.16,0.08,0,26.259999999999998
105,CAR-105,10,2004,Coccolithophyceae,0,0,0,0.02,20,0.02,0.02,0,20.04
105,CAR-105,10,2004,Dinophyceae,0,0,0.12,0.1,0.02,0,0,0,0.23999999999999996
106,CAR-106,11,2004,Bacillariophyceae,0.19999999999999998,0.5800000000000001,0.06,0.06,0.1666,0.12,0.02,0,1.186667
106,CAR-106,11,2004,Coccolithophyceae,10,0.06,0.3,0.2,0,0,0,0,10.56
106,CAR-106,11,2004,Dinophyceae,0.1,0,0.06,0.04,0.8331999999999999,0,0,0,1.033334
107,CAR-107,12,2004,Bacillariophyceae,397.89000000000004,1014.89,0.24,571.15,105.07000000000001,0,0.02,0,2091.3900000000003
107,CAR-107,12,2004,Coccolithophyceae,31.2,46.800000000000004,36.47,27.33,13.3,2.12,0,0,157.22
107,CAR-107,12,2004,Dinophyceae,1.33,0,10.42,7.98,1.33,0,0,0.06,21.060000000000002
108,CAR-108,1,2005,Bacillariophyceae,55,68,42,1.12,1.02,0.14,0,0,167.27999999999997
108,CAR-108,1,2005,Coccolithophyceae,25.2,41,16,0.34,0.14,0.02,0,0,82.77
108,CAR-108,1,2005,Dinophyceae,6,8,16,0.18,0.06,0.02,0,0,30.259999999999998
109,CAR-109,2,2005,Bacillariophyceae,2.24,1.46,0.12000000000000001,0.1,0.02,0,0.18,0,3.94
109,CAR-109,2,2005,Coccolithophyceae,14.82,0.14,48.02,12,8,0.2,0.1,0,83.23
109,CAR-109,2,2005,Dinophyceae,0.06,0.14,0.04,0.06,0.02,0,0,0,0.32
110,CAR-110,3,2005,Bacillariophyceae,0.28,0.26,0.44000000000000006,0.12,0.2,0.06,0.12,0.06,1.3600000000000005
110,CAR-110,3,2005,Coccolithophyceae,16.1,40.04,0.24,0.32,0.04,0.16,0.1,0.04,56.9
110,CAR-110,3,2005,Dinophyceae,0.04,0.06,0.14,0.16,0,0.02,0.02,0.02,0.42000000000000004
111,CAR-111,4,2005,Bacillariophyceae,3.64,0.16,1.76,0.48000000000000004,1.5599999999999998,0.1,0.56,0.72,7.700000000000002
111,CAR-111,4,2005,Coccolithophyceae,62.42,62.4,0,0.04,0,0,0,0,124.92
111,CAR-111,4,2005,Dinophyceae,0.14,0.22000000000000003,0.21999999999999997,0.04,0.12,0,0,0.02,0.7400000000000001
112,CAR-112,5,2005,Bacillariophyceae,0,0.04,0,0,0,0,0,0,0.04
112,CAR-112,5,2005,Coccolithophyceae,0,0,0,0,0,0,0,0,0
112,CAR-112,5,2005,Dinophyceae,0.08,0,0.02,0,0,0,0,0,0.1
113,CAR-113,6,2005,Bacillariophyceae,0.07,0.08,0.16,0.06,0.06,0.06,0,0,0.49
113,CAR-113,6,2005,Coccolithophyceae,0,0,0,0.04,0,0.08,0,0,0.12
113,CAR-113,6,2005,Dinophyceae,0.21000000000000002,0.14,0.2,0.08,0.08,0.04,0,0,0.75
114,CAR-114,7,2005,Bacillariophyceae,0,0,0,0,0,0.06,0,0,0.06
114,CAR-114,7,2005,Coccolithophyceae,0,0,0,0,0,0,0,0,0
114,CAR-114,7,2005,Dinophyceae,0.14,0.08,0.04,0.06,0.14,0.02,0,0,0.4800000000000001
115,CAR-115,8,2005,Bacillariophyceae,0,0.04,0.02,0.06,0.13999999999999999,0,0,0,0.26
115,CAR-115,8,2005,Coccolithophyceae,0,0,0.22,0.1,0.02,0,0.04,0,0.34
115,CAR-115,8,2005,Dinophyceae,0.24000000000000002,0.08,0.1,0.24,0,0,0,0,0.6600000000000001
116,CAR-116,10,2005,Bacillariophyceae,0,0,0.05,0.01,0.03,0.21000000000000002,0.03,0.04,0.30000000000000004
116,CAR-116,10,2005,Coccolithophyceae,0.58,20,19,86.01,0.2,0,0.06,4,125.78999999999999
116,CAR-116,10,2005,Dinophyceae,0.06,0.26,0.04,0.14,0.04,0.04,0.02,0,0.5800000000000001
117,CAR-117,12,2005,Bacillariophyceae,56.519999999999996,69,51,53,14.850000000000001,2,2.5,1.5,246.37
117,CAR-117,12,2005,Coccolithophyceae,15.559999999999999,33,20.5,32.5,13.86,4,3,2.25,119.42
117,CAR-117,12,2005,Dinophyceae,1.7999999999999998,2,0.5,8.5,0.33,0.8,0,0.5,13.930000000000001
118,CAR-118,1,2006,Bacillariophyceae,29.8,12.000000000000002,14.2,6.2,0.2,0.8,0.4,0,63.4
118,CAR-118,1,2006,Coccolithophyceae,0.6,0,0.8,0.2,0,0.4,0.2,0.6,2
118,CAR-118,1,2006,Dinophyceae,1.6,4,3.4000000000000004,1.2,0.6000000000000001,0.6000000000000001,0,0,11.399999999999999
119,CAR-119,2,2006,Bacillariophyceae,20.000000000000007,42,14.000000000000002,16.17,1.75,0.8,0,0,94.71999999999998
119,CAR-119,2,2006,Coccolithophyceae,14.9,28,54.4,22,3.75,0.2,3,5,123.27000000000001
119,CAR-119,2,2006,Dinophyceae,7.6000000000000005,6.4,4,1.65,0.75,0,0,0,20.400000000000006
120,CAR-120,3,2006,Bacillariophyceae,0.05,2,0.13,0.02,0.03,0.04,0.09999999999999999,0.32,2.2700000000000005
120,CAR-120,3,2006,Coccolithophyceae,11,2.4,6,8,3.2,0.08,0.05,0.64,30.68
120,CAR-120,3,2006,Dinophyceae,0.04,1.7999999999999998,0.06,0.05,0.05,0,0.01,0,2
121,CAR-121,4,2006,Bacillariophyceae,11.4,12.200000000000001,14,0.21,0.12,0.01,0.04,0,37.94000000000001
121,CAR-121,4,2006,Coccolithophyceae,3.4,6,2.6,0.08,1,0.05,0.05,0.04,13.13
121,CAR-121,4,2006,Dinophyceae,2.4000000000000004,3.6000000000000005,4.800000000000001,0.08,0.05,0,0.01,0,10.930000000000001
122,CAR-122,5,2006,Bacillariophyceae,0.02,0.02,0,0.02,0,0,0,0,0.060000000000000005
122,CAR-122,5,2006,Coccolithophyceae,11.81,5.2,7.9399999999999995,20.01,34.04,8,16,12,87.08
122,CAR-122,5,2006,Dinophyceae,0.02,0.04,0.02,0.07,0.01,0,0,0,0.16
123,CAR-123,6,2006,Bacillariophyceae,0.07999999999999999,0.06,0.02,0.08,0,0,0,0.03,0.24000000000000002
123,CAR-123,6,2006,Coccolithophyceae,4.62,0.1,0.32,0.19,0.09,0.03,0.03,0,5.35
123,CAR-123,6,2006,Dinophyceae,0.03,0,0.01,0.03,0,0,0,0.02,0.07
124,CAR-124,7,2006,Bacillariophyceae,37.74,1.7200000000000002,0.9,0.18,0,0.05,0.05,0,40.589999999999996
124,CAR-124,7,2006,Coccolithophyceae,0.11,0.19,0.07,0.12,0.1,0,0.02,0,0.59
124,CAR-124,7,2006,Dinophyceae,0.03,0.01,0.03,0.03,0.02,0,0.01,0,0.12
125,CAR-125,8,2006,Bacillariophyceae,0.06,0.05,0.02,0.04,0.01,0,0.04,0,0.18
125,CAR-125,8,2006,Coccolithophyceae,0.09,0.18000000000000002,0.08,0.09,0.09,0.12,0.04,0,0.65
125,CAR-125,8,2006,Dinophyceae,0.060000000000000005,0.03,0.21000000000000002,0,0.01,0.01,0,0,0.32000000000000006
126,CAR-126,9,2006,Bacillariophyceae,0.08,0.12,0.060000000000000005,0.2,0.19000000000000003,0.01,0,0.02,0.6600000000000001
126,CAR-126,9,2006,Coccolithophyceae,10.01,16,0.29,0.42,1.39,0.24,0.17,0.04,28.349999999999998
126,CAR-126,9,2006,Dinophyceae,0.060000000000000005,0.03,0.05,0.01,0.03,0.01,0,0,0.19000000000000006
127,CAR-127,10,2006,Bacillariophyceae,0.09,111.25000000000001,0.5900000000000001,0.93,2.4800000000000004,178.6,0.02,0,293.93999999999994
127,CAR-127,10,2006,Coccolithophyceae,0.38,0.11000000000000001,0.66,0.09,1.1,1.2000000000000002,0.01,0,3.54
127,CAR-127,10,2006,Dinophyceae,0.01,0.01,0.04,0.03,0.1,0.6000000000000001,0,0,0.79
128,CAR-128,11,2006,Bacillariophyceae,0.06999999999999999,0.01,0.04,0.09,0,0.02,0,0,0.23
128,CAR-128,11,2006,Coccolithophyceae,8,5.28,40,0.13,0.05,0.06999999999999999,0,0,53.53
128,CAR-128,11,2006,Dinophyceae,0.11999999999999998,0.04,0.01,0.05,0.01,0.01,0,0,0.24000000000000002
129,CAR-129,12,2006,Bacillariophyceae,0.24,0.37000000000000005,0.15,1.02,57,0.16000000000000003,0.06,0.02,58.94
129,CAR-129,12,2006,Coccolithophyceae,10.03,0.21,0.28,0.15,2.2,0.06,0.03,0.02,12.93
129,CAR-129,12,2006,Dinophyceae,0.04,0.07,0.08,0.04,1.2000000000000002,0,0,0,1.43
130,CAR-130,2,2007,Bacillariophyceae,189.5,111,145.81999999999996,0.45000000000000007,0.66,0.1,0.11,0.02,447.52999999999986
130,CAR-130,2,2007,Coccolithophyceae,0,0.5,0,0.02,0.03,0.01,0,0,0.56
130,CAR-130,2,2007,Dinophyceae,7,8,9.9,0.05,0.02,0,0.01,0,24.97
131,CAR-131,3,2007,Bacillariophyceae,57.459999999999994,105.04999999999998,46.62,0.30000000000000004,1.7200000000000002,0.04,0,0,211.18999999999997
131,CAR-131,3,2007,Coccolithophyceae,32.03,40.1,12.04,0.13999999999999999,0.16,0.12,0.06,0,84.59
131,CAR-131,3,2007,Dinophyceae,0.14,0.18000000000000002,0.16,0.02,0,0,0,0,0.5
132,CAR-132,4,2007,Bacillariophyceae,0.28,0.39,0.15999999999999998,0.04,0.07,0.13,0.04,0,1.07
132,CAR-132,4,2007,Coccolithophyceae,0.15,0.44,0.31,0.08,0.31,0.07,0.04,0.05,1.36
132,CAR-132,4,2007,Dinophyceae,0.05,0.03,0.04,0.060000000000000005,0.01,0,0.01,0,0.19000000000000003
133,CAR-133,5,2007,Bacillariophyceae,0.12,0,0.03,0.16,0.04,0.01,0,0,0.36000000000000004
133,CAR-133,5,2007,Coccolithophyceae,0.2,0.02,0.02,0.21,0.01,0,0,0,0.46
133,CAR-133,5,2007,Dinophyceae,0.02,0.01,0.01,0.060000000000000005,0.04,0.02,0,0,0.16
134,CAR-134,6,2007,Bacillariophyceae,0.11000000000000001,0.31,0.15,0.11,0.44000000000000006,0.09000000000000001,0,0,1.2100000000000002
134,CAR-134,6,2007,Coccolithophyceae,0.02,0,0.03,0.03,0.04,0.07,0,0,0.19
134,CAR-134,6,2007,Dinophyceae,0.01,0.04,0.09,0.08,0.04,0.03,0.02,0,0.29000000000000004
135,CAR-135,7,2007,Bacillariophyceae,1.6,14.2,19,19.799999999999997,16.599999999999998,0.12000000000000001,0.10999999999999999,0.06999999999999999,71.31999999999998
135,CAR-135,7,2007,Coccolithophyceae,0.32,18,15.799999999999999,8.8,2,0.06,0,0.02,44.98
135,CAR-135,7,2007,Dinophyceae,0.05,1,2,9.799999999999999,0,0.05,0,0.01,12.899999999999997
136,CAR-136,8,2007,Bacillariophyceae,0.10999999999999999,0.30000000000000004,0.25,0.08,0,0.05,0,0.02,0.7900000000000003
136,CAR-136,8,2007,Coccolithophyceae,0.07,0.04,0.15,0.06,0.16,0.33,0.03,0.1,0.81
136,CAR-136,8,2007,Dinophyceae,0.05,0.05,0.11999999999999998,0.02,0.03,0,0,0.02,0.27
137,CAR-137,9,2007,Bacillariophyceae,0.25,0.02,0.06,0.02,0.11000000000000001,0.18000000000000005,0.01,0.01,0.6400000000000001
137,CAR-137,9,2007,Coccolithophyceae,0.08,0.03,0.01,0.08,0.13,0.03,0.03,0,0.36
137,CAR-137,9,2007,Dinophyceae,0.09999999999999999,0.04,0.07,0.03,0.04,0.01,0.02,0,0.29000000000000004
138,CAR-138,10,2007,Bacillariophyceae,0.01,0.01,0.03,0.08,0,0.01,0.36,0.03,0.14
138,CAR-138,10,2007,Coccolithophyceae,0.06,0.36,0.02,0.06,0.26,0.25,0.04,0,1.01
138,CAR-138,10,2007,Dinophyceae,0,0.02,0.02,0,0,0,0,0,0.04
140,CAR-140,12,2007,Bacillariophyceae,0.09999999999999999,0.03,0.08,0.16,0.02,0.17,0.07,0.04,0.56
140,CAR-140,12,2007,Coccolithophyceae,0.43000000000000005,0.42,0.5800000000000001,0.8,0.28,0.2,0,0,2.71
140,CAR-140,12,2007,Dinophyceae,0.01,0.04,0.02,0.04,0.04,0.01,0.01,0,0.15999999999999998
141,CAR-141,1,2008,Bacillariophyceae,0.5700000000000001,0.32999999999999996,0.35,1.1700000000000002,0.7000000000000002,0.12000000000000001,0,0,3.2399999999999998
141,CAR-141,1,2008,Coccolithophyceae,0.72,0.47,0.59,0.14,0.06,0,0,0,1.98
141,CAR-141,1,2008,Dinophyceae,0.04,0.05,0.08,0.18000000000000002,0.03,0.01,0,0,0.39000000000000007
142,CAR-142,2,2008,Bacillariophyceae,0.12,0.13,0.03,0.06,0.04,0,4e-4,0,0.38000000000000006
142,CAR-142,2,2008,Coccolithophyceae,104.02,104.02,72.02000000000001,80,0.07,0.03,4e-4,0,360.16
142,CAR-142,2,2008,Dinophyceae,0.08,0.04,0.03,0.09000000000000001,0.03,0.01,1e-4,0,0.28
143,CAR-143,3,2008,Bacillariophyceae,0.29000000000000004,1.64,14.000000000000002,25.24,0.19,0.060000000000000005,0,0,41.42
143,CAR-143,3,2008,Coccolithophyceae,0.04,0.32,0.8,9.9,0.060000000000000005,0.03,0.01,0.02,11.149999999999999
143,CAR-143,3,2008,Dinophyceae,0.060000000000000005,0.02,0,0.07,0,0,0,0,0.15
144,CAR-144,4,2008,Bacillariophyceae,0.29000000000000004,0.09999999999999999,2.8000000000000003,2.8,0,0.04,0,0,6.0299999999999985
144,CAR-144,4,2008,Coccolithophyceae,0.08,0.12,1.8,2.4,0.04,0,0,0,4.44
144,CAR-144,4,2008,Dinophyceae,0.04,0.15,1.7999999999999998,3,0,0,0,0,4.989999999999998
145,CAR-145,5,2008,Bacillariophyceae,0.06,0,0,0,0.20999999999999996,0.06,0.03,0,0.33000000000000007
145,CAR-145,5,2008,Coccolithophyceae,0.04,0.01,0.03,0.01,0.09,0.02,0.01,0,0.2
145,CAR-145,5,2008,Dinophyceae,0.04,0.03,0.01,0,0.02,0,0,0,0.09999999999999999
146,CAR-146,6,2008,Bacillariophyceae,0.09,0.01,0.06999999999999999,0,0.01,0,0.02,0.02,0.18
146,CAR-146,6,2008,Coccolithophyceae,0.07,0.03,0.03,0.01,0,0.03,0.01,0.08,0.17
146,CAR-146,6,2008,Dinophyceae,0.060000000000000005,0.03,0.05,0.02,0,0.01,0,0,0.16999999999999998
147,CAR-147,7,2008,Bacillariophyceae,0.28,0.4000000000000001,0.5300000000000001,0,0.5,0.03,0,0,1.7400000000000002
147,CAR-147,7,2008,Coccolithophyceae,0.03,0.08,0.07,0,0,0.03,0,0,0.21000000000000002
147,CAR-147,7,2008,Dinophyceae,0.01,0.01,0.05,0.01,0.02,0,0,0,0.1
148,CAR-148,8,2008,Bacillariophyceae,0.38,0.29,0.33,0.28,0.1,0.16,0,0,1.54
148,CAR-148,8,2008,Coccolithophyceae,0.05,0.12000000000000001,0.12,0.03,0,0.04,0.01,0,0.36000000000000004
148,CAR-148,8,2008,Dinophyceae,0.03,0.07999999999999999,0.16,0.07,0.01,0,0.02,0.01,0.35000000000000003
149,CAR-149,9,2008,Bacillariophyceae,0.04,0.06,0.05,0,0.01,0.43,0.07,0,0.5900000000000001
149,CAR-149,9,2008,Coccolithophyceae,0,0.15,0.09,0.01,0.07,0.04,0,0,0.36
149,CAR-149,9,2008,Dinophyceae,0.04,0.11,0.15000000000000002,0.05,0.03,0.01,0.01,0,0.39000000000000007
150,CAR-150,10,2008,Bacillariophyceae,0.13,0.04,0.06999999999999999,0.02,0.01,0.05,0,0,0.32000000000000006
150,CAR-150,10,2008,Coccolithophyceae,0.01,0,0.01,0.33,0.04,0,0,0,0.39
150,CAR-150,10,2008,Dinophyceae,0.03,0.04,0.09999999999999999,0.04,0,0,0,0,0.21000000000000002
151,CAR-151,11,2008,Bacillariophyceae,0.08,0.09,0.12,0.08,0.05,0.06999999999999999,0.15,0,0.49000000000000005
151,CAR-151,11,2008,Coccolithophyceae,0.01,0.01,0,0,0,0,0,0,0.02
151,CAR-151,11,2008,Dinophyceae,0.08,0.1,0.08,0.03,0.03,0.01,0,0,0.33000000000000007
152,CAR-152,12,2008,Bacillariophyceae,0.05,0.03,0.02,0.06,0,0.04,0,0,0.2
152,CAR-152,12,2008,Coccolithophyceae,0.19,0.05,0.02,0.01,0.03,0,0,0,0.30000000000000004
152,CAR-152,12,2008,Dinophyceae,0.03,0.03,0,0.04,0.04,0,0,0,0.14
153,CAR-153,1,2009,Bacillariophyceae,3.28,4.32,44,3.73,0.9800000000000002,0.09,0.01,0,56.39999999999999
153,CAR-153,1,2009,Coccolithophyceae,0,0.12,4.8,0.08,0.05,0.03,0,0,5.079999999999999
153,CAR-153,1,2009,Dinophyceae,0.01,0.06,0.2,0.03,0,0.03,0.01,0,0.33000000000000007
154,CAR-154,2,2009,Bacillariophyceae,0.43,1.01,0.6400000000000001,0.5900000000000001,1.2,1.9,0.16999999999999998,0.02,5.77
154,CAR-154,2,2009,Coccolithophyceae,0.03,0.02,0.03,0.03,0,0,0,0,0.11
154,CAR-154,2,2009,Dinophyceae,0.09,0.06999999999999999,0.060000000000000005,0.13,0.02,0.01,0.03,0.03,0.3800000000000001
155,CAR-155,3,2009,Bacillariophyceae,0.7700000000000001,0.6000000000000001,0.99,2.21,0.04,0.02,0,0,4.63
155,CAR-155,3,2009,Coccolithophyceae,28,54,36,18,3,0.01,0,0,139.01
155,CAR-155,3,2009,Dinophyceae,0.060000000000000005,0.04,0.13,0.03,0.01,0,0,0.01,0.27
156,CAR-156,4,2009,Bacillariophyceae,0.04,0.02,0.03,0.04,0.12000000000000001,0.63,0.01,0,0.88
156,CAR-156,4,2009,Coccolithophyceae,0.11,0.16,0.07,0.09,0.08,0.02,0.03,0,0.53
156,CAR-156,4,2009,Dinophyceae,0.03,0.04,0.02,0.1,0.10999999999999999,0.02,0,0,0.32
157,CAR-157,5,2009,Bacillariophyceae,0.9900000000000001,0.43,0.8500000000000001,0.07,0,0.01,0,0,2.349999999999999
157,CAR-157,5,2009,Coccolithophyceae,0.02,0.01,0,0.02,0.01,0.02,0,0,0.08
157,CAR-157,5,2009,Dinophyceae,0.060000000000000005,0.060000000000000005,0.060000000000000005,0.33000000000000007,0.03,0,0,0,0.5400000000000001
158,CAR-158,6,2009,Bacillariophyceae,0.04,0.04,0.03,0.11999999999999998,0.05,0.08,52.03,62.4,0.36
158,CAR-158,6,2009,Coccolithophyceae,0.05,0.04,0.08,22,0.32,0.06,0,0,22.55
158,CAR-158,6,2009,Dinophyceae,0.02,0.02,0.04,0.01,0.01,0.01,0,0,0.11
159,CAR-159,7,2009,Bacillariophyceae,282.87,97.72,40.809999999999995,0.51,0.76,0.21000000000000002,0.2,0,422.87999999999994
159,CAR-159,7,2009,Coccolithophyceae,0,0.01,0.03,0,0,0,0,0,0.04
159,CAR-159,7,2009,Dinophyceae,0.07,0.01,0.07,0.05,0.04,0,0,0,0.24
160,CAR-160,8,2009,Bacillariophyceae,0.01,0,0.02,0.04,0.02,0,0.01,0,0.09
160,CAR-160,8,2009,Coccolithophyceae,0.7,1.07,0.14,0.03,0.04,0.06,0.03,0.03,2.04
160,CAR-160,8,2009,Dinophyceae,0.02,0.16000000000000003,0.07,0.05,0.02,0,0.05,0.06,0.32000000000000006
161,CAR-161,9,2009,Bacillariophyceae,0.13,0.01,0,0.2,0.76,0.79,0,0,1.8900000000000001
161,CAR-161,9,2009,Coccolithophyceae,0.07,0.02,0.03,0.04,0.03,0.15000000000000002,0.03,0,0.34
161,CAR-161,9,2009,Dinophyceae,0.04,0.060000000000000005,0.060000000000000005,0.15000000000000002,0.29000000000000004,0.1,0.05,0,0.7000000000000002
162,CAR-162,10,2009,Bacillariophyceae,0.9100000000000001,0.9300000000000002,0.6100000000000001,0.72,3.98,0.05,0,0,7.2
162,CAR-162,10,2009,Coccolithophyceae,0.13,0.1,0.06,0.09999999999999999,0,0,0,0,0.39
162,CAR-162,10,2009,Dinophyceae,0.06,0.1,0.08,0.05,0.02,0,0,0,0.31000000000000005
163,CAR-163,11,2009,Bacillariophyceae,0.01,0.01,0,0,0,0.3846,0,0,0.40461600000000003
163,CAR-163,11,2009,Coccolithophyceae,0.01,0.07,0.03,0.08,0,0,0.01,0,0.19
163,CAR-163,11,2009,Dinophyceae,0.05,0.05,0.03,0.04,0.02,0.3846,0,0,0.5746160000000001
164,CAR-164,12,2009,Bacillariophyceae,0.72,44.54999999999999,1.5999999999999999,0.9199999999999999,1.38,0.04,0,0,49.21
164,CAR-164,12,2009,Coccolithophyceae,0.01,0.03,0.05,0.04,0.02,0,0,0,0.15
164,CAR-164,12,2009,Dinophyceae,0.08,0.1,0.04,0.09999999999999999,0.08,0.01,0,0,0.41000000000000003
165,CAR-165,1,2010,Bacillariophyceae,0.3,0.05,0.03,0.24000000000000002,0.14,0.01,0,0,0.7700000000000001
165,CAR-165,1,2010,Coccolithophyceae,0,0.09999999999999999,0.06999999999999999,0.02,0.09,0.01,0,0,0.29000000000000004
165,CAR-165,1,2010,Dinophyceae,0.11999999999999998,0.02,0.13,0.09,0.05,0.01,0,0,0.42000000000000015
166,CAR-166,2,2010,Bacillariophyceae,0.7400000000000001,149.71999999999997,178.81999999999996,420.46,0.02,0,0,0,749.86
166,CAR-166,2,2010,Coccolithophyceae,0.01,0,0,0,0.04,0,0,0,0.05
166,CAR-166,2,2010,Dinophyceae,0.02,2.64,1.98,1.32,0.02,0,0,0,5.98
167,CAR-167,3,2010,Bacillariophyceae,0,0.05,0.01,0,0.04,0.01,0,0,0.11000000000000001
167,CAR-167,3,2010,Coccolithophyceae,0.09,0.04,0.03,0.02,0.060000000000000005,0.02,0,0,0.26
167,CAR-167,3,2010,Dinophyceae,0.01,0.02,0.04,0.060000000000000005,0.05,0,0,0,0.18000000000000002
168,CAR-168,4,2010,Bacillariophyceae,0.27999999999999997,0.21,0.37000000000000005,0.31,0.01,0.27,0.060000000000000005,0,1.4500000000000004
168,CAR-168,4,2010,Coccolithophyceae,0.11,0.12,0.13,0.060000000000000005,0,0,0,0,0.42
168,CAR-168,4,2010,Dinophyceae,0.09,0.04,0.02,0.01,0,0.01,0.01,0,0.17
169,CAR-169,5,2010,Bacillariophyceae,20.580000000000002,18.46,0.5900000000000001,0.31,0.49,0.12000000000000001,0,0,40.54999999999999
169,CAR-169,5,2010,Coccolithophyceae,0.01,0.01,0.02,0.03,0,0,0,0,0.07
169,CAR-169,5,2010,Dinophyceae,0.06,0.06999999999999999,0.08,0.02,0,0.02,0,0,0.25
170,CAR-170,6,2010,Bacillariophyceae,0.12000000000000001,0.06999999999999999,0.03,0.03,0.19,0.24000000000000002,0.03,0,0.6800000000000002
170,CAR-170,6,2010,Coccolithophyceae,0.1,0.01,0.02,0.03,0.06999999999999999,0.13,0.01,0,0.36000000000000004
170,CAR-170,6,2010,Dinophyceae,0.08,0.01,0.06999999999999999,0.03,0.03,0.04,0.02,0,0.26000000000000006
171,CAR-171,8,2010,Bacillariophyceae,1,1,1.2000000000000002,0.060000000000000005,0.16,0.08,0,0,3.5
171,CAR-171,8,2010,Coccolithophyceae,0.21000000000000002,0.22,0.2,0.05,0.15,0.01,0,0,0.8400000000000001
171,CAR-171,8,2010,Dinophyceae,0.09999999999999999,0.04,0.06999999999999999,0.15000000000000002,0.08,0,0,0,0.44000000000000006
172,CAR-172,9,2010,Bacillariophyceae,0.07,0.16,0.18,0.19,0.13,0.04,0,0,0.77
172,CAR-172,9,2010,Coccolithophyceae,1.21,0.9,1.15,0.68,0.19999999999999998,0.01,0,0,4.1499999999999995
172,CAR-172,9,2010,Dinophyceae,0.17000000000000004,0.3400000000000001,0.10999999999999999,0.11,0.08,0.09,0,0,0.9000000000000004
173,CAR-173,10,2010,Bacillariophyceae,0.5800000000000001,0.32000000000000006,0.41999999999999993,0.44000000000000006,0.9100000000000001,0.19999999999999998,0.13999999999999999,0,2.869999999999999
173,CAR-173,10,2010,Coccolithophyceae,0.7,0.6,22.09,0.35,0.51,0.6,0,0,24.85
173,CAR-173,10,2010,Dinophyceae,0.22,0.13,0.2,0.09,0.16,0.05,0,0,0.8500000000000002
174,CAR-174,11,2010,Bacillariophyceae,0.12,0.3400000000000001,0.16,0.05,0.04,0.45999999999999996,0.03,0,1.1700000000000002
174,CAR-174,11,2010,Coccolithophyceae,0.29000000000000004,0.34,0.46,0.39,0.46,0.060000000000000005,0.01,0,2
174,CAR-174,11,2010,Dinophyceae,0.10999999999999999,0.08,0.10999999999999999,0.07,0.18,0.04,0,0,0.5900000000000001
175,CAR-175,12,2010,Bacillariophyceae,0.5499999999999999,0.36000000000000004,0.54,0.51,0.17,0,0.01,0,2.1300000000000003
175,CAR-175,12,2010,Coccolithophyceae,0.4,0.63,0.6100000000000001,0.17,0.18,0.03,0.04,0,2.02
175,CAR-175,12,2010,Dinophyceae,0.05,0.07,0.07,0.04,0.02,0,0,0,0.25
176,CAR-176,1,2011,Bacillariophyceae,214.4,95.8,79.23000000000002,284.84999999999997,0.8400000000000001,0.62,0.06,0,675.7399999999999
176,CAR-176,1,2011,Coccolithophyceae,9.6,4,0.12,0,0,0.02,0.03,0,13.74
176,CAR-176,1,2011,Dinophyceae,1.6,0.8,0.11999999999999998,2.97,0.04,0.01,0,0,5.54
177,CAR-177,2,2011,Bacillariophyceae,361.52,71.6,67.6,35.6,0.05,0,0,0,536.3699999999999
177,CAR-177,2,2011,Coccolithophyceae,1.6,1.6,2.4,3.6,0.1,0.02,0,0,9.32
177,CAR-177,2,2011,Dinophyceae,4.8,4.8,6.000000000000001,4.4,0,0,0,0,20
178,CAR-178,3,2011,Bacillariophyceae,0.16999999999999998,0.25,0.1,0.11,0.05,0.05,0.01,0,0.7300000000000001
178,CAR-178,3,2011,Coccolithophyceae,0.22,0.18,0.2,0.12,0.12,0.060000000000000005,0,0.02,0.9000000000000001
178,CAR-178,3,2011,Dinophyceae,0.12,0.11,0.15000000000000002,0.09000000000000001,0.01,0,0,0,0.48
179,CAR-179,4,2011,Bacillariophyceae,0.56,1.8800000000000001,0.26,0.14,0,0.54,0.5800000000000001,0.06,3.419999999999998
179,CAR-179,4,2011,Coccolithophyceae,0.05,0.07,0.06,0.08,0,0.02,0.02,0,0.28
179,CAR-179,4,2011,Dinophyceae,0.6000000000000001,0.08,0.13,0.08,0,0.01,0.04,0,0.9000000000000001
180,CAR-180,5,2011,Bacillariophyceae,0.07999999999999999,86.41000000000001,0.32,3.62,196.51,62.01,0.09,0,348.95
180,CAR-180,5,2011,Coccolithophyceae,0.79,0.23000000000000004,0.28,0.21000000000000002,0.10999999999999999,0.03,0.05,0,1.65
180,CAR-180,5,2011,Dinophyceae,0.09,0.13,0.11999999999999998,0.1,0.04,0.01,0,0,0.4900000000000002
181,CAR-181,6,2011,Bacillariophyceae,0.11,0.060000000000000005,0.38,0.14,0,0.1,0.01,0,0.79
181,CAR-181,6,2011,Coccolithophyceae,0.2,0.19,0.05,0.03,0.01,0.09,0.05,0.03,0.5700000000000001
181,CAR-181,6,2011,Dinophyceae,0.14,0.14999999999999997,0.16,0.05,0.08,0,0,0,0.5800000000000003
182,CAR-182,7,2011,Bacillariophyceae,1.9700000000000002,0.23,0.12000000000000001,0,0.11,0,0,0,2.43
182,CAR-182,7,2011,Coccolithophyceae,0.05,0.26,0.05,0.06999999999999999,0.04,0.02,0,0,0.49000000000000005
182,CAR-182,7,2011,Dinophyceae,0.03,0.04,0.05,0,0.01,0.02,0,0,0.15
183,CAR-183,8,2011,Bacillariophyceae,0.6100000000000001,0.1,0.04,0,0.04,0.04,0,0,0.8300000000000002
183,CAR-183,8,2011,Coccolithophyceae,0.08,0.18,0.23,0.22,0.02,0.04,0.02,0.04,0.77
183,CAR-183,8,2011,Dinophyceae,0.09,0.14,0.05,0.08,0.07999999999999999,0.03,0.01,0,0.4700000000000001
184,CAR-184,9,2011,Bacillariophyceae,0.02,0.02,0.05,0.09000000000000001,0.30999999999999994,0.16999999999999998,0,0,0.66
184,CAR-184,9,2011,Coccolithophyceae,0.1,0.060000000000000005,0.03,0.1,0.09999999999999999,0.23,0.01,0.03,0.62
184,CAR-184,9,2011,Dinophyceae,0.08999999999999998,0.08,0.09,0.03,0.02,0.02,0,0.01,0.33
185,CAR-185,10,2011,Bacillariophyceae,0.5700000000000001,0.64,0.6700000000000002,0.02,0.54,0.05,0.01,0,2.4899999999999998
185,CAR-185,10,2011,Coccolithophyceae,0.39,0.19,0.48,0.18000000000000002,0.31,0.08,0,0,1.6300000000000001
185,CAR-185,10,2011,Dinophyceae,0.04,0.05,0.15999999999999998,0.01,0.13999999999999999,0,0.01,0,0.39999999999999997
186,CAR-186,11,2011,Bacillariophyceae,0.37000000000000005,0.43999999999999995,0.7100000000000002,0.06999999999999999,0.060000000000000005,0.45000000000000007,0.28,0,2.1
186,CAR-186,11,2011,Coccolithophyceae,0.12,0.17,0.01,0.08,0.07,0,0.03,0,0.45
186,CAR-186,11,2011,Dinophyceae,0.08,0.04,0.1,0.07999999999999999,0.02,0,0.01,0,0.32000000000000006
187,CAR-187,1,2012,Bacillariophyceae,162.4,376.05999999999995,124.73999999999998,173.57999999999998,0.17999999999999997,0.11,0.15000000000000002,0.11000000000000001,837.09
187,CAR-187,1,2012,Coccolithophyceae,2.4,3.3,1.98,2.64,0.05,0.04,0.03,0.01,10.41
187,CAR-187,1,2012,Dinophyceae,1.6,1.98,3.3000000000000003,1.32,0.03,0,0,0,8.23
188,CAR-188,2,2012,Bacillariophyceae,100.4,52.4,37.19999999999999,51.599999999999994,1.11,1.08,2.01,0.02,243.79000000000002
188,CAR-188,2,2012,Coccolithophyceae,1.2,0.4,1.2,0.8,0.02,0,0,0,3.62
188,CAR-188,2,2012,Dinophyceae,1.2000000000000002,1.2000000000000002,1.2000000000000002,1.2000000000000002,0.04,0.01,0,0.01,4.85
189,CAR-189,3,2012,Bacillariophyceae,733.8200000000002,474.84,255.33000000000004,233.5,0.6500000000000001,0.33,0.18,0.06,1698.6099999999997
189,CAR-189,3,2012,Coccolithophyceae,16.46,36.66,76.01,22,0.03,0,0,0,151.2
189,CAR-189,3,2012,Dinophyceae,0.66,0,0.02,1,0.04,0.04,0,0.01,1.7600000000000002
190,CAR-190,4,2012,Bacillariophyceae,103.89999999999999,49.60000000000001,1.03,0.36000000000000004,0.68,0.16,0,0,155.73
190,CAR-190,4,2012,Coccolithophyceae,36.4,25.8,0.09,0.02,0.02,0.05,0.01,0,62.38
190,CAR-190,4,2012,Dinophyceae,0.21000000000000002,8,0.25,0.04,0.04,0.01,0.04,0,8.549999999999997
191,CAR-191,5,2012,Bacillariophyceae,0.78,0.47000000000000003,0.54,1.1500000000000001,0.06999999999999999,0.05,0.14,0,3.0599999999999996
191,CAR-191,5,2012,Coccolithophyceae,0.06999999999999999,0.01,0.03,0.06,0.01,0.01,0,0,0.19000000000000003
191,CAR-191,5,2012,Dinophyceae,0.06,0.02,0.05,0.02,0.03,0.01,0,0.01,0.19000000000000003
193,CAR-193,7,2012,Bacillariophyceae,0.22,0.13,0.06999999999999999,0.05,0.01,0.01,0,0,0.49
193,CAR-193,7,2012,Coccolithophyceae,0.22000000000000003,0.11,0.12,0.05,0.04,0.04,0.01,0.03,0.5800000000000001
193,CAR-193,7,2012,Dinophyceae,0.03,0.060000000000000005,0.060000000000000005,0.02,0.01,0.01,0,0,0.19
194,CAR-194,8,2012,Bacillariophyceae,0.13,0.09999999999999999,0.41000000000000003,0.17,0.16999999999999998,0.05,0.01,0.01,1.03
194,CAR-194,8,2012,Coccolithophyceae,0,0.03,0.05,0.16,0.13,0.03,0.04,0,0.4
194,CAR-194,8,2012,Dinophyceae,0.03,0.060000000000000005,0,0.04,0.03,0,0,0,0.15999999999999998
195,CAR-195,9,2012,Bacillariophyceae,0.13,0.13,0.04,0.21000000000000002,0.09,0.34,0.09000000000000001,0.01,0.94
195,CAR-195,9,2012,Coccolithophyceae,0.53,0.89,0.41,0.04,0.13,0.05,0.05,0.07,2.0499999999999994
195,CAR-195,9,2012,Dinophyceae,0.09999999999999999,0.08,0.04,0.09,0.13999999999999999,0.08,0.03,0,0.53
196,CAR-196,10,2012,Bacillariophyceae,0.12,0.12,0.49000000000000005,0.5800000000000001,0.26999999999999996,0.08999999999999998,0.08,0.21,1.6700000000000004
196,CAR-196,10,2012,Coccolithophyceae,0,0.28,0.13,0.49,0.6200000000000001,0.19,0.08,0.02,1.7100000000000002
196,CAR-196,10,2012,Dinophyceae,0.01,0.02,0.05,0,0.03,0,0,0,0.10999999999999999
197,CAR-197,11,2012,Bacillariophyceae,0.1,0.09,0.15000000000000002,0.09999999999999998,0.05,0.26,0.06,0.01,0.7500000000000001
197,CAR-197,11,2012,Coccolithophyceae,0.2,0.07,0.27,0.12,0.05,0.10999999999999999,0.060000000000000005,0.01,0.8200000000000001
197,CAR-197,11,2012,Dinophyceae,0.03,0,0.05,0.01,0.02,0.04,0.01,0,0.15
198,CAR-198,12,2012,Bacillariophyceae,0.1,0.09,0.16,0.060000000000000005,0.03,0.05,0.01,0,0.49
198,CAR-198,12,2012,Coccolithophyceae,0.34,0.24,0.26,0.27,0.51,0.05,0.06,0.02,1.6700000000000002
198,CAR-198,12,2012,Dinophyceae,0.05,0.07999999999999999,0.02,0.04,0.02,0,0.01,0,0.21000000000000002
199,CAR-199,3,2013,Bacillariophyceae,1.3600000000000003,0.9200000000000004,0.22999999999999998,0.37000000000000005,0.13,0.02,0.01,0,3.0300000000000002
199,CAR-199,3,2013,Coccolithophyceae,0.13,0.23,0.28,0.68,0.09,0.060000000000000005,0.03,0.01,1.4700000000000002
199,CAR-199,3,2013,Dinophyceae,0.10999999999999999,0.07,0.44000000000000006,0.19000000000000003,0,0,0,0.01,0.81
200,CAR-200,4,2013,Bacillariophyceae,264.8,315,195.35999999999996,170.92000000000002,63.2,0.54,0.16999999999999998,0.05,1009.8999999999999
200,CAR-200,4,2013,Coccolithophyceae,22.400000000000002,9.239999999999998,6.6000000000000005,10.92,5.2,0.05,0.03,0.02,54.41
200,CAR-200,4,2013,Dinophyceae,2.4,3.9600000000000004,1.98,1.6800000000000002,0,0.02,0.01,0,10.04
201,CAR-201,5,2013,Bacillariophyceae,0.8099999999999999,0.16,332.79999999999995,0.33,0.32,0.07,0.61,0,334.49
201,CAR-201,5,2013,Coccolithophyceae,0.07,0,20.8,0.03,0.05,0.05,0.06,0.03,21.000000000000004
201,CAR-201,5,2013,Dinophyceae,0.11000000000000001,0.07999999999999999,52.00000000000001,0.03,0.01,0.01,0.01,0.03,52.24000000000001
202,CAR-202,6,2013,Bacillariophyceae,0.15999999999999998,0.31,0.55,0.02,0.12000000000000001,0.01,0.07,0.01,1.1700000000000002
202,CAR-202,6,2013,Coccolithophyceae,0.12,0.09,0.06,0.03,0.02,0.08,0.02,0,0.39999999999999997
202,CAR-202,6,2013,Dinophyceae,0.05,0.02,0.06,0.03,0.03,0,0,0.01,0.19000000000000003
203,CAR-203,7,2013,Bacillariophyceae,0.09999999999999999,0.08,0.44000000000000006,0.09,2.499999999999999,0.9500000000000002,0.16,0.03,4.159999999999999
203,CAR-203,7,2013,Coccolithophyceae,0.08,0.12,0.14,0.03,0.07999999999999999,0.03,0.04,0.05,0.48
203,CAR-203,7,2013,Dinophyceae,0.03,0.060000000000000005,0.05,0.02,0.05,0,0.01,0,0.21000000000000005
204,CAR-204,8,2013,Bacillariophyceae,0,0,0,0,0.01,0,0.02,0,0.01
204,CAR-204,8,2013,Coccolithophyceae,0,0,0,0,0,0,0,0,0
204,CAR-204,8,2013,Dinophyceae,0.03,0,0.060000000000000005,0.05,0.01,0.01,0,0,0.16000000000000003
205,CAR-205,9,2013,Bacillariophyceae,0.07,0.01,0.03,0,0.02,0,0.47,0,0.13
205,CAR-205,9,2013,Coccolithophyceae,0.01,0.03,0.01,0.02,0.01,0,0,0,0.08
205,CAR-205,9,2013,Dinophyceae,0.04,0.06,0.03,0.03,0.04,0.04,0.01,0,0.24
206,CAR-206,10,2013,Bacillariophyceae,1.02,0.02,0.01,0.64,0,0.01,0,0,1.7000000000000002
206,CAR-206,10,2013,Coccolithophyceae,0,0,0.02,0.01,0,0.02,0.03,0,0.05
206,CAR-206,10,2013,Dinophyceae,0.05,0.06999999999999999,0.03,0.03,0,0,0,0,0.18000000000000002
207,CAR-207,11,2013,Bacillariophyceae,0.06999999999999999,0.1,0.04,0.17000000000000004,0.13,0,0,0,0.51
207,CAR-207,11,2013,Coccolithophyceae,0.38,0.09999999999999999,0.07999999999999999,0.09,0.01,0,0.05,0.01,0.66
207,CAR-207,11,2013,Dinophyceae,0.02,0.11,0.08,0.06,0.02,0,0,0,0.29
208,CAR-208,12,2013,Bacillariophyceae,0.03,0.07,0.02,0,0,0.02,0,0,0.14
208,CAR-208,12,2013,Coccolithophyceae,0.28,0.78,0.25,0.09,0.03,0.04,0.03,0,1.47
208,CAR-208,12,2013,Dinophyceae,0.01,0.03,0.01,0.01,0,0.01,0,0,0.07
209,CAR-209,1,2014,Bacillariophyceae,18.08,141.6,108,0.060000000000000005,0.06999999999999999,0.01,0.03,0.04,267.82
209,CAR-209,1,2014,Coccolithophyceae,2.2,38.39999999999999,28,0.15000000000000002,0,0.05,0.06,0.01,68.80000000000001
209,CAR-209,1,2014,Dinophyceae,1.0000000000000002,6.3999999999999995,0.8,0.02,0.01,0,0.01,0,8.229999999999999
210,CAR-210,2,2014,Bacillariophyceae,233.79999999999995,260,105.60000000000001,1.0500000000000003,0.01,0,0.02,0,600.4599999999998
210,CAR-210,2,2014,Coccolithophyceae,23.6,21.2,22.400000000000002,0.29,0,0,0.01,0.02,67.49000000000001
210,CAR-210,2,2014,Dinophyceae,5.2,6.400000000000001,5.200000000000001,0.5900000000000002,0.01,0.03,0,0,17.429999999999996
211,CAR-211,4,2014,Bacillariophyceae,0.6700000000000002,37.6,0.34,27.599999999999994,0.5499999999999999,0.21,0.12,0,66.96999999999998
211,CAR-211,4,2014,Coccolithophyceae,0.5,14.8,0.5800000000000001,11.200000000000001,0.06,0.01,0.01,0.02,27.15
211,CAR-211,4,2014,Dinophyceae,0.46,12,0.9700000000000001,85.4,0.03,0.01,0.01,0,98.87000000000003
212,CAR-212,5,2014,Bacillariophyceae,1.8899999999999997,1.1400000000000001,1.012,14.506,0.383,0,0,0,18.969
212,CAR-212,5,2014,Coccolithophyceae,20.91,19.91,24.52,44.06,2.554,0,0,0,112.01299999999999
212,CAR-212,5,2014,Dinophyceae,1.5100000000000002,4.95,7.665000000000001,16.705000000000002,0.128,0.128,0,0,31.146000000000004
213,CAR-213,6,2014,Bacillariophyceae,66.67999999999999,213.05,279.774,99.76400000000001,0,2.941,0.896,0,662.328
213,CAR-213,6,2014,Coccolithophyceae,15.540000000000001,36.730000000000004,52.353,3.066,0,0,3.066,0,107.786
213,CAR-213,6,2014,Dinophyceae,0.61,3.5100000000000002,4.15,1.661,0,0.128,0,0.384,10.089
214,CAR-214,9,2014,Bacillariophyceae,0.89,3.44,1.976,4.096,6.272,22.995,5.114,1.002,39.691
214,CAR-214,9,2014,Coccolithophyceae,9.7,18.67,28.470000000000002,6.132,26.064,18.527,25.494999999999997,5.748,107.69000000000001
214,CAR-214,9,2014,Dinophyceae,0.36,0.36,0.368,1.789,12.276,0.128,0,124.752,15.328999999999997
215,CAR-215,10,2014,Bacillariophyceae,1.52,0,0,0,0,28.128,0.256,0,29.66
215,CAR-215,10,2014,Coccolithophyceae,29.1,0,9.198,0,15.33,18.011,7.665,11.493,71.666
215,CAR-215,10,2014,Dinophyceae,1.81,0,0.128,0,0,1.384,0,0,3.331
216,CAR-216,11,2014,Bacillariophyceae,0.12,0.76,0,0,0,0.128,1.916,0,1.024
216,CAR-216,11,2014,Coccolithophyceae,5.36,15.3,18.39,9.198,6.132,4.727,0,3.066,59.148
216,CAR-216,11,2014,Dinophyceae,2.15,3.3000000000000003,0.512,0.128,1.9169999999999998,0,0,0,8.052
217,CAR-217,12,2014,Bacillariophyceae,15.2,7.91,9.472000000000001,3.698,273.71,0.896,0,0.896,310.944
217,CAR-217,12,2014,Coccolithophyceae,0,49.12,1.533,3.066,7.665,0.128,0,0,61.576
217,CAR-217,12,2014,Dinophyceae,1.9000000000000004,3.6700000000000004,0.256,0.128,0.128,0.128,0,0,6.266000000000001
218,CAR-218,2,2015,Bacillariophyceae,23.59,4.08,0,6.138,0,0.128,3.8400000000000003,0.512,33.997
218,CAR-218,2,2015,Coccolithophyceae,16,16.8,0,81.24,29.126,6.388,0,0,149.714
218,CAR-218,2,2015,Dinophyceae,4.17,2.25,0,5.495,0.256,0.128,0.128,3.066,12.398
219,CAR-219,3,2015,Bacillariophyceae,34.24,49.04999999999999,8.448,23.978000000000005,42.586,4.252,1.44,0,162.79399999999998
219,CAR-219,3,2015,Coccolithophyceae,46.16,8.24,22.99,17.337999999999997,4.599,1.533,0.16,0,100.951
219,CAR-219,3,2015,Dinophyceae,1.87,4.0200000000000005,1.408,3.456,0.9600000000000001,0.512,1.6929999999999998,3.066,12.279000000000002
220,CAR-220,4,2015,Bacillariophyceae,2.79,6.43,5.632000000000001,0.064,0.064,0,0,0.896,15.034000000000002
220,CAR-220,4,2015,Coccolithophyceae,7.66,1.9100000000000001,24.52,1.948,2.2995,0,0,1.533,38.35695
220,CAR-220,4,2015,Dinophyceae,0.49,0.97,1.408,0.8940000000000001,3.258,0,0,2.6825,7.063750000000001
221,CAR-221,7,2015,Bacillariophyceae,0,0.12,0.41000000000000003,0,18.4285,0.064,0.064,0,19.032
221,CAR-221,7,2015,Coccolithophyceae,0.76,1.53,15.388,0,10.731,16.863,0.7665,0,45.29
221,CAR-221,7,2015,Dinophyceae,0.12,0,1.3,1.658,8.5595,1.661,15.3295,0,13.307000000000002
222,CAR-222,8,2015,Bacillariophyceae,0,0.12,0,0,18.6205,0.064,2.3635,0,18.813000000000002
222,CAR-222,8,2015,Coccolithophyceae,0.76,1.53,15.388,0,10.731,16.863,0.7665,0,45.29
222,CAR-222,8,2015,Dinophyceae,0.12,0,1.3,0,8.6235,1.661,13.03,0,11.713000000000003
223,CAR-223,9,2015,Bacillariophyceae,0.06,0.12,0.9590000000000001,0,18.6205,0.064,0.064,0,19.836000000000002
223,CAR-223,9,2015,Coccolithophyceae,0.76,2.29,30.787,0,10.731,16.863,0.7665,0,61.453
223,CAR-223,9,2015,Dinophyceae,0.12,0,4.5169999999999995,0.064,14.9475,1.661,13.03,0,21.317500000000003
224,CAR-224,11,2015,Bacillariophyceae,0,1.58,0.192,0,1.533,0,0,0,3.311
224,CAR-224,11,2015,Coccolithophyceae,0.76,1.53,768.764,2.299,0.7665,0,0,0,774.2295
224,CAR-224,11,2015,Dinophyceae,0.06,1.82,0.958,0.256,0.064,0,0.7665,0,3.1944999999999997
225,CAR-225,12,2015,Bacillariophyceae,0.12,1404.12,0.128,0.064,0.8305,2.048,0,0,1407.3265000000001
225,CAR-225,12,2015,Coccolithophyceae,9.19,3.06,31.42,3.832,3.8325,0.064,4.599,1.533,51.4195
225,CAR-225,12,2015,Dinophyceae,0.12,0.36,1.086,0.9580000000000002,0.192,0,0.7665,0.256,2.749
226,CAR-226,1,2016,Bacillariophyceae,3.6900000000000004,52.059999999999995,13.323,32.989,1.533,0,0,0.064,103.77699999999999
226,CAR-226,1,2016,Coccolithophyceae,6.880000000000001,29.76,26.060000000000002,773.8280000000001,2.2355,9.1485,0,0,848.124
226,CAR-226,1,2016,Dinophyceae,2.9400000000000004,7.050000000000001,1.0400000000000003,0.256,3.831,0.7665,0,0,16.0515
227,CAR-227,2,2016,Bacillariophyceae,2.0600000000000005,3.6799999999999997,5.271,69.94000000000001,0,1.6925,0,0,82.73999999999995
227,CAR-227,2,2016,Coccolithophyceae,7.66,4.78,6.132,0,7.665,0,0,0,26.254
227,CAR-227,2,2016,Dinophyceae,5.45,1.4700000000000002,1.44,1.92,3.162,0.8145,0,0,14.3625
228,CAR-228,5,2016,Bacillariophyceae,0.07,0,0.01,0.01,0,0,0,0,0.09
228,CAR-228,5,2016,Coccolithophyceae,0.06999999999999999,0.01,0.01,0.01,0.04,0,0.01,0.01,0.14
228,CAR-228,5,2016,Dinophyceae,0.07,0,0.04,0,0.09,0,0.01,0,0.2
229,CAR-229,6,2016,Bacillariophyceae,0.41000000000000003,0.01,0.01,0.006,0,0,NA,NA,0.4382275
229,CAR-229,6,2016,Coccolithophyceae,0.03,0.01,0.08,0,0.19,0.02,NA,NA,0.32999999999999996
229,CAR-229,6,2016,Dinophyceae,0.49000000000000005,0.05,0.06,0.073,0.07,0,NA,NA,0.7448025000000001
230,CAR-230,9,2016,Bacillariophyceae,0,0.01,0,0,0,0.04,0.01,0.02,0.05
230,CAR-230,9,2016,Coccolithophyceae,0.26,0.12,0.07,0.11,0.09,0.05,0.03,0.07,0.7000000000000001
230,CAR-230,9,2016,Dinophyceae,0.05,0.13,0.12000000000000001,0.11,0.05,0.13,0.02,0.01,0.59
231,CAR-231,12,2016,Bacillariophyceae,289.84999999999997,50.41999999999999,137.66,73.91999999999999,22.11,0.48000000000000004,0.14,0.04,575.11
231,CAR-231,12,2016,Coccolithophyceae,0.17,9.57,4.62,4.95,1.65,0.060000000000000005,0.01,0.02,21.02
231,CAR-231,12,2016,Dinophyceae,0.16999999999999998,2.97,0.66,2.31,2.97,0.01,0,0,9.09
232,CAR-232,1,2017,Bacillariophyceae,38.93999999999999,44.879999999999995,76.85999999999999,120.45,34.65,0.17999999999999997,0.02,0.03,315.96
232,CAR-232,1,2017,Coccolithophyceae,0.33,0.99,0.99,0,0.33,0.06,0.03,0.01,2.7
232,CAR-232,1,2017,Dinophyceae,3.3000000000000003,4.29,1.32,11.549999999999999,0.66,0.03,0.02,0,21.15
