Cruise_ID,depth,NH4_USF,NO2_USF,NO3_NO2_USF,PO4_USF,SiO4_USF,pH,Alkalinity_umol_kg,TCO2,Salinity_bottles,Temperature,POC_ug_kg,PON_ug_kg,TPP,DOC,PrimaryProductivity,Chlorophyll
CAR-001,1,NA,NA,NA,NA,NA,NA,NA,NA,36.576,27.49,NA,NA,NA,134.8,NA,0.0940762
CAR-001,7,NA,NA,NA,NA,NA,NA,2408.86,NA,36.577,27.5,NA,NA,NA,88.3,NA,0.0746952
CAR-002,1,NA,NA,NA,NA,NA,8.05972,2412.92,2079.5,NA,25.39,59.74,12.01,NA,NA,1.65551,0.12
CAR-002,7,NA,NA,NA,NA,NA,8.05385,2407.21,2078,NA,25.4,63.025,12.435,NA,NA,1.1149,0.15
CAR-003,1,NA,NA,NA,NA,NA,8.0603,2427.98,2091.8,36.922,24.48,395.02,46.63,NA,109.3,16.2534,1.4
CAR-003,7,NA,NA,NA,NA,NA,8.061,2426,2089.5,36.9195,24.02,112.3,14.5125,NA,106,11.795,1.37
CAR-004,1,NA,NA,NA,NA,NA,8.06898,2448.38,2104.6,36.913,24.05,384.04,44.88,NA,74.3,12.6631,0.6842
CAR-004,7,NA,NA,NA,NA,NA,8.11785,2447.11,2070.6,36.918,23.58,379.71,47.3,NA,79,6.90791,0.96
CAR-005,1,NA,NA,NA,NA,NA,NA,2440.9,NA,36.868,22.8689,753.38,74.29,NA,NA,16.7385,3.21
CAR-005,7,NA,NA,NA,NA,NA,NA,2415.18,NA,36.8755,22.6256,627.77,63.1,NA,NA,14.0344,2.79924
CAR-006,1,NA,NA,NA,NA,NA,7.99213,2425.03,2131.8,36.871,22.9987,368.7,40.2,NA,95.3,4.28139,2.5981
CAR-006,7,NA,NA,NA,NA,NA,8.01426,2415.95,2110.2,36.865,22.4959,365.5,38.9,NA,81.2,5.51907,4.21143
CAR-007,1,NA,NA,NA,NA,NA,8.04824,2426.16,2098.7,36.822,23.1888,515.4,58.2,NA,NA,65.445,6.44076
CAR-007,7,NA,NA,NA,NA,NA,8.05147,2425.79,2096.2,36.826,22.8421,423.1,53.1,NA,NA,42.4273,5.80381
CAR-008,1,NA,NA,NA,NA,NA,8.11733,2427.1,2053.2,36.919,25.43,342,41,NA,92.6,3.46678,0.3
CAR-008,7,NA,NA,NA,NA,NA,8.11606,2439.72,2065.3,36.916,24.74,542.2,60.8,NA,83,3.7655,0.35
CAR-009,1,NA,NA,NA,NA,NA,8.0842,2421,2070.5,36.841,27.67,148.67,20.01,NA,78.4,1.83276,0.207219
CAR-009,7,NA,NA,NA,NA,NA,8.0785,2426.52,2079.3,36.834,26.59,162.07,20.19,NA,81.4,2.15859,0.19821
CAR-010,1,NA,NA,NA,NA,NA,8.0689,2424.88,2083.7,36.898,26.25,64.8372,8.87442,NA,NA,1.64995,0.155257
CAR-010,7,NA,NA,NA,NA,NA,8.0706,2423.27,2081.1,36.891,25.06,65.0791,10.4372,NA,NA,1.50602,0.14719
CAR-011,1,NA,NA,NA,NA,NA,8.114,2404.14,2039.6,36.358,29.102,31.925,4.02,NA,90.4,2.1364,0.168771
CAR-011,7,NA,NA,NA,NA,NA,8.112,2399.04,2035.9,36.421,28.8944,28.48,4.115,NA,86.6,1.75039,0.178724
CAR-012,1,NA,NA,NA,NA,NA,NA,NA,NA,36.5472,27.5358,156.125,23.55,NA,NA,1.67,0.19
CAR-012,7,NA,NA,NA,NA,NA,NA,NA,NA,36.5842,27.0124,125.385,19.905,NA,NA,2.60725,0.2
CAR-013,1,NA,NA,NA,NA,NA,8.0723,2420.21,2079.2,36.656,26.3162,159.25,27.01,NA,NA,1.50794,0.3
CAR-013,7,NA,NA,NA,NA,NA,8.0707,2417.77,2077.9,36.671,25.7131,130.25,18.785,NA,NA,2.9256,0.27
CAR-014,1,NA,NA,NA,NA,NA,8.0808,2415.08,2069,36.6507,26.501,64.47,11.215,NA,75.4,1.19045,0.21
CAR-014,7,NA,NA,NA,NA,NA,8.0815,2418,2071.2,36.6463,26.4403,70.715,10.75,NA,109.1,1.16279,0.19
CAR-015,1,NA,NA,NA,NA,NA,8.0762,2387,2045.1,36.857,24.1903,343.6,44.44,NA,158.4,39.5542,4.99
CAR-015,7,NA,NA,NA,NA,NA,8.0583,2389,2058.4,36.858,24.1116,318.58,46.035,NA,19183,26.3292,5.65
CAR-016,1,NA,NA,NA,NA,NA,8.0486,2436.1,2106.5,36.934,23.92,173.225,25.105,NA,2234,10.343,1.188
CAR-016,7,NA,NA,NA,NA,NA,8.051,2437.06,2106,36.914,23.8,184.995,29.01,NA,128.4,5.84138,1.0141
CAR-017,1,NA,NA,NA,NA,NA,8.0841,2423,2073.2,36.757,22.4647,468.148,51.9738,NA,185.9,12.0828,2
CAR-017,7,NA,NA,NA,NA,NA,8.0766,2424.95,2079.8,36.743,21.523,593.026,62.6435,NA,130.3,5.55587,1.83
CAR-018,1,NA,NA,NA,NA,NA,8.0393,2400,2080.2,36.872,23.227,349.38,41.9133,NA,99.1,13.1536,2.86
CAR-018,7,NA,NA,NA,NA,NA,8.0406,2388.66,2069.1,36.872,22.9965,317.107,40.0467,NA,105.3,13.7155,3.05
CAR-019,1,NA,NA,NA,NA,NA,8.072,2387,2048.2,36.797,24.3277,234.24,26.29,NA,76,6.98667,1.5
CAR-019,7,NA,NA,NA,NA,NA,8.0675,2395.9,2059.1,36.794,23.908,266.415,47.155,NA,81.5,14.3746,1.74
CAR-020,1,NA,NA,NA,NA,NA,8.0667,NA,NA,36.964,25.2254,89.015,11.25,NA,NA,0.880689,0.3
CAR-020,7,NA,NA,NA,NA,NA,8.0667,NA,NA,36.964,25.206,92.12,11.81,NA,NA,3.00229,0.27
CAR-021,1,NA,NA,NA,NA,NA,8.0806,2416.95,2068.1,36.978,24.9657,188.81,18.27,NA,NA,2.77428,0.32
CAR-021,7,NA,NA,NA,NA,NA,8.0884,2412.47,2059.1,36.973,23.9646,257.78,20.7,NA,NA,4.35591,0.42
CAR-022,1,NA,NA,NA,NA,NA,8.0538,2414.6,2084.4,36.82,24.5991,82.81,13.8,NA,99.11,1.67579,0.2
CAR-022,7,NA,NA,NA,NA,NA,8.0538,2413.2,2083.4,36.823,23.7348,101.9,17.805,NA,70.26,2.81061,0.2
CAR-023,1,0.03,0.02,0.05,0.05,1.21,8.1012,NA,NA,36.561,28.7101,62.2896,8.81395,NA,101.2,0.791449,0.11
CAR-023,7,0.02,0.02,0,0.04,1.16,8.0941,2397.79,2045.7,36.549,27.7542,54.8293,7.6643,NA,88.98,0.737767,0.1
CAR-024,1,NA,NA,NA,NA,NA,8.1025,2392,2035.7,36.448,28.9175,NA,NA,NA,63.26,0.336647,0.107124
CAR-024,7,NA,NA,NA,NA,NA,8.1036,2391.74,2034.5,36.469,28.2695,NA,NA,NA,53.14,1.27118,0.12
CAR-025,1,0.28,0.03,0.15,0.29,2.16,8.0727,2428,2085.7,36.64,26.6382,68.0606,7.59345,NA,109,0.304547,0.174418
CAR-025,7,0,0.01,0.02,0.14,1.86,8.072,2429.08,2087.4,36.636,26.4892,75.5824,8.94021,NA,90.37,0.730465,0.167512
CAR-026,1,NA,NA,NA,NA,NA,8.0539,2408,2078.3,36.867,25.2874,178.354,18.0205,NA,504.4,5.82443,0.897788
CAR-026,7,NA,NA,NA,NA,NA,8.0474,2422.54,2095.5,36.865,24.7431,204.966,19.888,NA,1425,5.64851,0.754643
CAR-027,1,NA,NA,NA,NA,NA,8.0618,2416,2080.1,36.911,24.73,175.977,25.5836,NA,120.2,7.89066,0.634394
CAR-027,7,NA,NA,NA,NA,NA,8.0617,2416.13,2080.2,36.914,24.72,168.185,28.3847,NA,233.5,5.78202,0.672939
CAR-028,1,0.65,0,0,0.01,0,8.0783,2413,2066.5,36.951,25.8559,113.213,11.7647,NA,403.9,2.16897,0.372606
CAR-028,7,0.68,0.01,0,0.03,0,8.0773,2413.34,2067.5,36.945,25.86,131.141,14.0056,NA,NA,1.73911,0.390273
CAR-029,1,0.28,0.07,0.06,0.09,0,8.1234,2413,2037.2,36.849,22.7272,709.588,56.5826,NA,NA,31.6033,6.41782
CAR-029,7,0.28,0.1,1.05,0.16,0,8.031,NA,NA,36.862,21.9393,312.005,48.1793,NA,202.1,21.3305,5.84606
CAR-030,1,0.04422,0.06057,0.570323,0.07546,0.785039,8.0557,2412,2080.2,36.943,26.9393,109.243,9.87884,NA,74.61,1.17056,0.29
CAR-030,7,0,0.03583,0.509329,0.07456,0.715566,8.0586,2428.75,2093.4,36.9465,26.0804,119.858,16.4026,NA,112.5,0.967403,0.3
CAR-031,1,0.02215,0.01936,0.104833,0.07,0,8.0632,2415.51,2079,36.883,27.2875,79.2458,4.84623,NA,132.8,1.68125,0.207824
CAR-031,7,0,0.06893,0.102979,0.0631,-0.00401,8.0629,2425.81,2088.7,36.865,25.6446,68.038,3.35508,NA,151.7,1.40313,0.183091
CAR-032,1,0,0,0.0718098,0.01701,0,8.0599,2392,2060.3,36.848,24.7968,138.328,15.4542,NA,78.44,1.68172,0.241873
CAR-032,7,0,0,0.0653807,0.01351,0,8.0544,2421.13,2089.8,36.883,24.7956,152.481,19.7889,NA,124.9,1.5326,0.287485
CAR-033,1,0,0.00778,0.0119161,0.01344,0,8.08962,2408,2056.5,36.714,28.9,97.7831,11.4022,NA,73.75,0.80885,0.171394
CAR-033,7,0.72432,-4e-4,0.07115,0.02357,0.131818,8.09191,2299.76,1958.2,36.697,27.9047,88.7107,10.5541,NA,76.75,1.28113,0.180361
CAR-034,1,0.14158,0.01503,-0.00146364,0.09769,0.35,8.0962,2374,2023.4,36.492,28.4031,87.9304,7.95026,NA,NA,0.709287,0.15
CAR-034,7,0.09669,0.01211,-0.00135601,0.0949,0.21,8.1008,2385.61,2030.8,36.487,28.2039,80.04,5.25893,NA,283.6,1.6974,0.14
CAR-035,1,0.08451,0.00377,0.101375,0.02667,0.75,8.0732,2405,2064.5,36.707,27.4433,66.792,11.2912,NA,NA,1.19565,0.16
CAR-035,7,0,0.00443,0.0846616,0,0.68,8.0739,2402.25,2061.8,36.69,26.7202,60.5577,7.30063,NA,119.9,2.21831,0.16
CAR-036,1,0.10362,0.0067,0,0,0.944779,8.0908,2407,2055.5,36.625,27.4585,48.795,13.6412,NA,NA,1.09495,0.14
CAR-036,7,0.15628,0.00468,0.00443655,0,0.586648,8.0918,2404.45,2052.6,36.6203,27.0803,51.8004,8.22144,NA,NA,2.17422,0.13
CAR-037,1,0,0.01327,0,0.06144,0.880591,8.0827,2411.86,2064,36.764,27.1743,41.3298,4.47655,NA,NA,1.41544,0.159321
CAR-037,7,0.00173,0.00724,0,0.05311,0.92966,8.0804,2418.56,2071.6,36.759,26.8756,56.8032,6.61415,NA,610.5,1.12422,0.152897
CAR-038,1,0.13705,0.04145,0,0.09028,0,8.0786,2383.96,2040.6,36.907,24.8571,267.333,35.1025,NA,150.4,9.1695,1.378
CAR-038,7,0.40016,0.04026,0.0512832,0.08927,0,8.0795,2410.51,2063.9,36.896,24.2458,272.184,25.6375,NA,703.3,9.277,1.35391
CAR-039,1,0.33271,0.13758,1.671,0.20537,0.442461,8.0223,2414.59,2104,36.852,22.5608,247.272,34.6042,NA,103.6,23.549,3.84384
CAR-039,7,0.31594,0.149,1.91049,0.23277,0.794672,8.025,2397.22,2086.6,36.843,22.2239,244.655,37.0206,NA,196.2,20.6494,2.887
CAR-040,1,0,0.02,0.1,0.07,0.93,8.065,2419,2080.9,36.89,24.8987,101.918,13.132,NA,108.5,2.86762,0.579788
CAR-040,7,0,0.01,0.1,0.07,0.46,8.0649,2423.62,2085.1,36.904,24.3427,162.607,29.9631,NA,236.7,4.57731,0.438455
CAR-041,1,0,0.02,0.1,0.03,0,8.0799,2409.57,2062.6,36.927,25.8473,70.9023,14.1492,NA,95.15,0.343795,0.130252
CAR-041,7,0.02,0.01,0.13,0.03,0,8.082,2413.03,2064.3,36.923,25.6706,99.9049,25.4316,NA,104.9,0.715683,0.183412
CAR-042,1,0,0.02,0.03,0.03,0.17,8.0575,2420,2086.8,36.876,26.3899,99.6757,9.94145,NA,NA,1.81515,0.190639
CAR-042,7,0,0,0.01,0.03,0,8.0586,2413.89,2080.7,36.863,25.3907,141.706,7.72196,NA,115.3,2.88486,0.18823
CAR-043,1,0.15188,0.04802,0.0207849,0.06514,1.23952,8.0585,2431.95,2096.3,36.98,26.37,97.9386,2.84935,NA,152.5,1.75057,0.133945
CAR-043,7,0,0.01512,0.00901144,0.04707,1.05855,8.0548,2423.58,2091.2,36.954,25.6471,97.1574,20.4969,NA,207.9,1.5563,0.120936
CAR-044,1,0.14465,0.03819,0,0.0685,1.77762,8.084,2417.72,2067.9,36.826,26.6478,164.405,15.056,NA,130,4.79184,0.35425
CAR-044,7,0.08084,0.00862,0.0147312,0.02885,0.86848,8.0843,2420.39,2070.2,36.816,26.0884,203.354,16.8922,NA,147,4.88452,0.291362
CAR-045,1,0.60134,0.02192,0.0315817,0.05027,1.86698,8.084,2397.1,2050.5,36.685,27.4641,100.998,15.8093,NA,NA,1.59879,0.169
CAR-045,7,0.24738,0.01713,0.031299,0.06456,1.74581,8.0848,2393.15,2046.5,NA,27.2146,96.0508,14.8902,NA,206,1.43001,0.152913
CAR-046,1,0.22525,0.00494,0.0315929,0.02706,2.51183,8.105,2399,2040.3,36.448,29.4979,80.1781,17.734,NA,112,0.485543,0.0845
CAR-046,7,0.33215,0.00703,0.0208965,0.02315,1.92691,8.1073,2401.82,2041.4,36.441,28.9014,87.3065,10.6038,NA,173,0.853361,0.110825
CAR-047,1,0.6669,0.03338,0,0.07078,3.03298,NA,NA,NA,36.427,28.3742,83.2497,10.2475,NA,113,0.702686,0.06
CAR-047,7,0.59807,0.00865,0,0.03748,1.37506,NA,NA,NA,NA,28.3107,92.7319,10.3331,NA,NA,0.342924,0.06
CAR-048,1,NA,NA,NA,NA,NA,8.0994,2375,2023.4,36.355,28.4436,72.48,8.53605,NA,99,0.958742,0.115
CAR-048,7,0.74214,0.18167,0,0.0242,2.06927,8.1087,2406.74,2045.6,36.353,28.4201,61.1801,6.48227,NA,NA,1.3621,0.21
CAR-049,1,0.15,0.01,0.16,0.38,2.95,8.1051,2397.82,2041.8,36.079,28.5769,70.5407,8.31678,NA,478,0.659831,0.125
CAR-049,7,0.7,0,0.17,0.32,2.75,8.1065,2386.58,2030.9,36.082,28.5529,73.6479,8.48738,NA,89,0.885296,0.12
CAR-050,1,0.08,0.02,0.4,0.09,2.07,8.0646,2420.6,2083.1,36.825,25.2831,243.881,30.6655,NA,118,11.6384,1.10338
CAR-050,7,0.1,0.05,0.9,0.12,3.13,8.0449,2412.55,2088.9,36.744,24.8186,193.562,28.6182,NA,359,14.9762,0.898625
CAR-051,1,0.65,0.2,1.66,0.2,2.12,8.0171,2426,2117.8,36.816,23.6636,217.505,29.6107,NA,153,9.9276,1.11312
CAR-051,7,0.56,0.21,1.8,0.21,2.26,8.0136,2423.55,2117.7,36.82,23.4474,235.931,32.081,NA,110,3.14186,1.08225
CAR-052,1,0.07,0.02,0.24,0.12,1.24,8.0412,2424,2100.7,36.867,24.9036,111.051,13.0853,NA,NA,2.17406,0.207837
CAR-052,7,0.03,0.01,0.26,0.11,1.07,8.0395,2415.24,2093.9,36.873,24.423,97.4499,12.7446,NA,NA,0.696462,0.179562
CAR-053,1,0.14,0.01,0.32,0.17,1.18,8.0587,2417,2082.6,36.95,24.5045,258.127,28.6737,NA,168,6.97007,0.74
CAR-053,7,0.06,0,0.31,0.16,0.86,8.0613,2421.22,2084.8,36.949,24.3819,265.183,29.0996,NA,293,4.30354,0.86
CAR-054,1,0,0.01,0.27,0.08,1.31,8.0467,2427.93,2101,36.849,23.9613,175.479,23.4448,NA,NA,4.4256,0.443625
CAR-054,7,0,0.01,0.26,0.07,1.36,8.0484000000000009,2419.86,2092.6,36.853,23.4829,149.785,21.5708,NA,133,2.83442,0.346125
CAR-055,1,0.04,0.01,0,0.02,1.01,8.052,2413.88,2084.2,NA,25.463,87.6352,11.8104,NA,41.72,1.40371,0.119275
CAR-055,7,0.13,0.03,0.01,0.01,2.81,8.0519,2415.4,2085.5,NA,24.8148,104.125,14.6993,NA,NA,0.837626,0.12155
CAR-056,1,0.08,0.01,0,0.01,0,8.0967,2367.73,2014.4,36.886,23.7685,154.016,21.1568,NA,78.27,11.1503,1.05138
CAR-056,7,0.01,0,0.01,0.01,0,8.0923,2400.03,2046.2,36.886,22.9213,194.672,23.7907,NA,86.32,9.73498,1.05787
CAR-057,1,NA,NA,NA,NA,NA,8.0881,2475.73,2118.3,36.706,28.4124,71.7445,11.1307,NA,226.3,1.1696,0.157463
CAR-057,7,0.03,0,0.01,0.05,1.2,8.0893,2472.21,2114.2,36.71,27.891,86.8556,14.2744,NA,163.7,0.848641,0.164938
CAR-058,1,0,0,0,0.06,1.08,8.0864,2430.73,2079.2,36.674,27.7064,79.8697,12.5751,NA,121.3,3.3741,0.291525
CAR-058,7,0.04,0,0,0.05,1.09,8.0873,2411.24,2061.2,36.671,27.3812,95.9103,11.8104,NA,167.5,3.08707,0.298837
CAR-059,1,0.21,0.01,0.01,0.02,0.71,8.0801,2361.68,2021.2,36.706,28.3909,127.315,13.3783,NA,12.57,1.09391,0.11
CAR-059,7,0.06,0,0.03,0.01,0.77,8.0814,2424.2,2076.7,36.682,27.134,139.567,14.9994,NA,57.96,0.799059,0.12
CAR-060,1,0.65,0,0.05,0.07,0.6,8.1092,2365.05,2007.7,36.401,28.0472,103.136,11.1307,NA,7.577,0.452953,0.16
CAR-060,7,0.59,0,0.03,0.05,0.34,8.1056,2378.75,2022.4,36.397,28.0032,66.7374,13.5097,NA,86.75,1.35098,0.16
CAR-061,1,0.06,0,0,0.03,0,8.0682,2431.29,2091,36.768,25.4402,398.415,51.5415,NA,104.2,9.24248,1.41
CAR-061,7,0.09,0.01,0,0.03,0,8.0674,2429.77,2090.2,36.766,25.1508,466.188,51.5415,NA,154.2,6.15817,1.37
CAR-062,1,0.05,0.02,0.03,0.1,0,8.0791,2441.02,2091.5,36.891,23.8707,408.451,40.5288,NA,NA,13.4149,3.26352
CAR-062,7,0.08,0.02,0.03,0.07,0.15,8.0801,2485.47,2130.8,36.89,23.7878,433.905,43.003,NA,NA,13.5314,2.95033
CAR-063,1,0.21,0.09,0.36,0.07,0,8.0456,2425.11,2099.5,36.8077,22.0565,595.957,76.2569,NA,192.8,15.0651,3.83848
CAR-063,7,0.51,0.1,0.7,0.08,0,8.0316,2423.49,2106.8,36.807,21.6289,566.715,83.2736,NA,418.8,18.0145,4.04567
CAR-064,1,0.04,0.2,0.23,0.07,0,8.0394,2424.57,2103.2,36.7733,21.8185,769.013,110.326,NA,NA,27.4161,7.29794
CAR-064,7,0.1,0.18,0.18,0.07,0.15,8.0375,2419.78,2100.1,36.7717,21.5891,738.651,111.02,NA,NA,25.2571,6.75402
CAR-065,1,0.06,0.01,0.01,0.05,0,8.05653,2472.37,2134.4,NA,25.1123,239.801,24.4155,NA,NA,5.29994,0.77572700000000006
CAR-065,7,0.06,0.01,0.03,0.05,0,8.06146,2486.92,2144.3,NA,23.9714,266.765,25.3851,NA,NA,6.26221,0.848
CAR-066,1,0,0,0.01,0.02,0.55,8.06272,NA,NA,36.967,25.5336,208.407,41.3547,NA,NA,2.12114,0.192406
CAR-066,7,0.12,0.01,0.02,0.03,0.59,8.07219,NA,NA,36.9663,25.0525,139.002,19.8268,NA,NA,2.3937,0.288127
CAR-067,1,0.06,0.01,0.01,0.05,0.21,NA,NA,NA,36.9997,24.9327,79.6767,14.213,NA,NA,1.42585,0.304509
CAR-067,7,0.14,0,0,0.05,0.12,NA,NA,NA,37.0097,24.6588,70.513,12.2567,NA,NA,0.372782,0.257612
CAR-068,1,0.15,0,0.02,0.03,0.92,NA,NA,NA,36.9483,25.8968,152.388,17.7424,NA,NA,1.39863,0.219067
CAR-068,7,0.07,0,0.03,0.02,0,NA,NA,NA,36.94,24.9118,168.645,15.8352,NA,NA,1.91063,0.220833
CAR-069,1,0.01,0,0,0.07,0,NA,NA,NA,36.5817,28.1559,84.469,5.93786,NA,NA,NA,0.100218
CAR-069,7,0.05,0,0,0.05,0,NA,NA,NA,36.5667,27.7809,81.6177,10.7338,NA,NA,NA,0.119491
CAR-070,1,0.11,0,0.01,0.06,0,NA,NA,NA,36.778,26.8681,125.337,11.162,NA,NA,1.88248,0.190961
CAR-070,7,0.05,0,0.01,0.05,0.02,NA,NA,NA,36.756,26.4367,124.921,10.5625,NA,NA,1.67596,0.185982
CAR-071,1,0.09,0.03,0.01,0.04,0,NA,NA,NA,36.784,27.3003,167.794,19.3414,NA,NA,4.85166,0.338879
CAR-071,7,0.16,0.03,0.02,0.09,0,NA,NA,NA,36.765,26.1523,169.596,17.5494,NA,NA,4.47132,0.330848
CAR-072,1,NA,NA,NA,NA,NA,NA,NA,NA,36.647,28.2646,131.055,9.58117,NA,NA,1.01625,0.112695
CAR-072,7,NA,NA,NA,NA,NA,NA,NA,NA,36.65,27.634,129.475,8.63806,NA,NA,1.29967,0.105967
CAR-073,1,0,0,0.07,0.05,1.74,NA,NA,NA,36.693,27.3209,102.212,7.95304,NA,NA,1.42008,0.131197
CAR-073,7,0.04,0,0.06,0.07,2.08,NA,NA,NA,36.697,27.2951,137.399,10.3028,NA,NA,1.42026,0.130891
CAR-074,1,0.09,0,0,0.02,0.99,NA,NA,NA,36.8533,25.0797,204.149,22.9709,NA,NA,4.49827,1.13153
CAR-074,7,0.35,0,0,0.02,0.99,NA,NA,NA,36.846,24.5959,297.59,35.8655,NA,NA,6.08019,1.19117
CAR-075,1,0.08,0.04,0,0.05,1.01,NA,NA,NA,36.854,23.4078,408.723,45.379,NA,NA,20.7116,2.6958
CAR-075,7,0.05,0.03,0.06,0.05,1.32,NA,NA,NA,36.8453,22.6769,562.18,67.8101,NA,NA,20.3598,2.61323
CAR-076,1,0.07,0.15,0.11,0.06,0.35,8.05346,2398.15,2072.4,36.7967,23.027,490.526,56.8539,NA,NA,12.9889,2.0439
CAR-076,7,1.15,0.13,0.12,0.14,0.36,NA,2386.13,NA,36.7957,22.9725,530.319,59.2621,NA,NA,14.9244,1.82473
CAR-077,1,0.21,0.11,0.03,0.04,0.84,8.073,NA,NA,36.9257,24.3019,236.512,NA,NA,NA,6.85626,0.906757
CAR-077,7,0.21,0,0.04,0.04,0.81,NA,2435.76,NA,36.9303,24.2535,270.039,NA,NA,NA,8.46156,0.79819
CAR-078,1,0.34,0.07,0.16,0.05,1.78,8.083,2421,2072.4,36.961,26.3709,107.037,NA,NA,NA,1.08958,0.186244
CAR-078,7,0.06,0.02,0.37,0.05,1.55,8.07451,2420.93,2078.9,36.961,25.9252,190.854,NA,NA,NA,1.4614,0.172483
CAR-079,1,0.04,0.01,0.05,0.03,0.59,8.08101,2413.46,2065.4,36.9997,27.0444,78.0765,NA,NA,NA,0.656447,0.133643
CAR-079,7,0.06,0,0.06,0.03,0.54,8.07152,2423.33,2080.8,36.994,26.3529,94.1875,NA,NA,NA,0.736249,0.129362
CAR-080,1,0.12,0.02,0.01,0.06,0.83,8.12079,2406,2032.3,36.9597,24.1063,356.42,31.7448,NA,NA,13.8706,1.92055
CAR-080,7,0.1,0.4,4.53,0.27,2.38,7.99148,2410.52,2118.8,36.9743,22.174,390.155,50.7708,NA,NA,12.9145,2.22025
CAR-081,1,0,0.02,0.07,0.04,0.48,8.08489,2413,2066.8,36.7733,27.5501,99.7082,12.6562,NA,NA,2.70509,0.184562
CAR-081,7,0.22,0,0.06,0.05,0.43,8.08172,2429.48,2081.5,36.7767,26.9204,112.554,14.321,NA,NA,3.17287,0.186703
CAR-082,1,2.15,0,0.06,0.21,1.65,8.10113,2435,2075.8,36.431,28.7959,99.3223,11.6603,NA,NA,2.27783,0.139913
CAR-082,7,1.61,0,0.05,0.03,1.52,8.09336,2420.05,2069.3,36.423,28.2745,91.699,11.1137,NA,NA,2.15817,0.138078
CAR-083,1,0.08,0.03,0,0.06,0.23,8.07397,2412.79,2070.8,36.7383,26.6094,88.539,11.8424,NA,NA,1.29382,0.116387
CAR-083,7,0.01,0.01,0.01,0.03,0.16,8.06475,2409.61,2073.7,36.744,26.5001,94.0121,12.2068,NA,NA,2.3379,0.117205
CAR-084,1,0.05,0.08,0,0.03,0.7,8.05174,2418.59,2089.1,36.871,24.2446,176.684,21.8843,NA,NA,14.2855,0.96
CAR-084,7,0.07,0.02,0.01,0.03,0.7,8.04122,2413.58,2091.5,36.872,24.2322,NA,NA,NA,NA,11.3818,0.94
CAR-085,1,0.09,0.03,0.05,0.04,0.27,8.05799,2416.97,2083.7,36.89,24.1083,NA,NA,NA,NA,16.1538,2.43
CAR-085,7,0.06,0.01,0.06,0.02,0.34,8.06247,2412.85,2077.1,36.885,23.3651,454.071,48.6153,NA,NA,14.1083,2.78
CAR-086,1,0.28,0.05,0.01,0,0.23,8.09992,2407.96,2048.2,36.903,23.9054,348.995,39.8294,NA,NA,17.3141,3.8
CAR-086,7,0.01,0.01,0.03,0,0.48,8.09178,2427.12,2070.6,36.913,23.2505,507.435,41.8181,NA,NA,17.428,3.92
CAR-087,1,0.05,0.08,0.11,0.07,0.44,8.06552,2415,2077.7,36.7977,22.8531,389.284,49.045,NA,NA,14.5414,3.00543
CAR-087,7,0.12,0.05,0.17,0.08,0.36,8.08347,2420.45,2070.9,36.802,22.0074,476.662,57.3916,NA,NA,11.4434,3.09055
CAR-088,1,0.15,0.02,0.12,0,0.7,NA,NA,NA,36.9237,25.2524,102.121,14.0475,NA,NA,1.37649,0.17679
CAR-088,7,0.06,0.01,0.12,0,0.61,NA,NA,NA,36.917,25.1822,111.295,17.7955,NA,NA,1.71385,0.17859
CAR-089,1,0.05,0.02,0.08,0,0.66,8.08312,2405,2058,NA,24.4602,178.237,15.4521,NA,NA,4.10541,0.484535
CAR-089,7,0.16,0.03,0.1,0,0.33,8.08142,2411.8,2064.2,NA,24.4123,226.219,21.5164,NA,NA,5.06254,0.440338
CAR-090,1,0.08,0.03,0.08,0.05,0.58,8.07512,2434,2083.8,36.9983,25.4792,109.219,12.4716,NA,NA,1.6357,0.159438
CAR-090,7,0.08,0.02,0.03,0.03,0.54,8.0826,2437.28,2086.8,36.999,25.3928,162.296,14.8501,NA,NA,1.57135,0.172697
CAR-091,1,0.31,0.08,0,0.05,1.16,8.04331,2416.21,2091.9,36.9443,25.675,97.7818,15.8705,NA,NA,2.19789,0.232282
CAR-091,7,0.32,0.03,0,0.04,1.08,8.0548,2418.08,2086.2,36.9567,25.0683,101.615,15.9958,NA,NA,1.72475,0.234246
CAR-092,1,0,0.01,0.01,0.03,0.13,8.067,2329.7,1999.1,36.925,26.879,73.9467,10.7272,NA,NA,1.29527,0.107711
CAR-092,7,0.08,0,0,0.02,0.43,8.07308,2308.24,1976,36.9227,25.7334,81.2956,13.5256,NA,NA,1.84175,0.12539
CAR-093,1,0.14,0.08,0,0.04,1.34,8.08535,2398,2049.8,36.797,27.22,119.859,13.4323,NA,NA,1.99823,0.164022
CAR-093,7,0,0.02,0,0.03,1.19,8.09397,2391.55,2038.4,36.762,26.8985,136.549,16.8836,NA,NA,1.97709,0.152252
CAR-094,1,0.28,0.01,0.08,0.03,1.26,8.11907,2405,2035.3,36.577,29.0983,107.67,14.8082,NA,NA,1.18809,0.147388
CAR-094,7,0.32,0,0.06,0.03,1.23,8.10756,2408.99,2046.3,36.5667,28.5136,107.931,14.2485,NA,NA,1.29537,0.140238
CAR-095,1,0.19,0.03,0.07,0.03,1.14,8.10902,2389,2026.5,36.7257,28.0192,63.9856,8.37936,NA,NA,0.682049,0.115862
CAR-095,7,0.04,0,0.07,0.01,0.84,8.10942,2380.2,2018.4,36.7295,27.6124,73.6701,8.84231,NA,NA,0.82448,0.101725
CAR-096,1,0.04,0.04,0.01,0.02,0.15,8.08173,2412.01,2064.1,36.8347,25.3083,352.038,28.7969,NA,NA,4.9151300000000004,1.01562
CAR-096,7,0.06,0.01,0,0.02,0,8.09532,2410.15,2053.4,36.903,24.9821,398.408,34.1164,NA,NA,4.56182,1.05787
CAR-097,1,0.08,0.01,0.03,0.03,0.15,8.08204,2412.53,2063.5,36.9737,24.2345,420.938,38.3861,NA,NA,9.9342,2.535
CAR-097,7,0.15,0.01,0.03,0.04,0.56,8.07813,2408.49,2062.4,36.9743,24.2114,449.928,41.853,NA,NA,8.60395,2.5285
CAR-098,1,0.16,0.03,0.1,0.02,0.09,8.1127300000000009,2422.81,2051.4,36.938,25.4706,392.404,34.6538,NA,NA,10.0294,2.10763
CAR-098,7,0.11,0,0.11,0.02,0.04,8.10731,2432.42,2064.5,36.962,24.3437,487.633,42.661,NA,NA,10.0222,2.1905
CAR-099,1,0.03899,0.10016,0.0532263,0.02327,0.150033,8.075,2428,2081.6,37.017,25.6697,103.013,10.3961,NA,NA,2.29012,0.216125
CAR-099,7,1.1e-4,0.09213,0.0520639,0.02299,0.15952,8.07103,2431.57,2087.5,37.005,25.1656,111.215,14.0162,NA,NA,3.14173,0.235625
CAR-100,1,0.0026,0,9.56692e-4,0.019,0,8.082,2414.53,2065,37.0117,23.9214,355.623,20.3069,NA,NA,8.3459,NA
CAR-100,7,0.0773,0.00422,0.0108693,0.02191,0,8.07311,2404.98,2062.3,37.0013,23.9223,371.309,21.556,NA,NA,6.71553,NA
CAR-101,1,0.1274,0.02589,0.0618612,0.03352,0.005486,8.0932,2399,2045.6,36.7843,26.1858,167.965,14.8504,NA,NA,1.25689,0.194675
CAR-101,7,0.14626,0.02753,0.0563081,0.03352,0.235349,8.10109,2413,2052.9,36.78,25.4242,217.481,21.2015,NA,NA,1.93477,0.188337
CAR-102,1,0.14686,0.03394,0,0.02201,8.02e-4,8.066,2409,2071,36.936,25.7324,175.68,15.8617,NA,NA,2.51175,0.204588
CAR-102,7,0.00374,0.05655,0,0.02365,0.165333,8.06052,2423.72,2087.5,36.9373,25.0778,217.933,22.0096,NA,NA,2.70769,0.245212
CAR-103,1,0.12374,0.04043,0,0.03093,0.755454,8.06013,2320.38,1996.6,36.7103,25.4643,131.178,14.003,NA,NA,3.03997,0.300625
CAR-103,7,0.06332,0.03404,0,0.19236,0.583238,8.06352,2450.19,2110.7,36.744,24.6884,165.981,16.6238,NA,NA,3.08667,0.2834
CAR-104,1,0.00329,0.02131,0,0.0168,2.09575,8.09623,NA,NA,36.7113,27.8452,127.753,11.3962,NA,NA,2.68461,0.275763
CAR-104,7,0.01041,0.00905,0,0.01961,0.802982,8.09138,NA,NA,36.6953,27.7988,198.656,17.4084,NA,NA,2.64813,0.275438
CAR-105,1,0.25197,0.03421,0,0.02277,1.5118,NA,NA,NA,36.4143,29.1729,82.578,4.21749,NA,NA,1.13401,0.111638
CAR-105,7,0.11671,0.01787,0,0.01889,1.4184,NA,NA,NA,36.4103,28.7079,107.564,9.60152,NA,NA,1.79945,0.135525
CAR-106,1,0.2451,0.04742,0.0150676,0.05246,1.23241,8.112,2387.84,2026.9,36.329,28.7566,76.6332,11.4379,NA,NA,1.53119,0.127075
CAR-106,7,0.30074,0.0478,0.00628126,0.05053,0.854251,8.10638,2376.56,2021.2,36.312,28.3284,90.665,13.5094,NA,NA,1.67007,0.165587
CAR-107,1,0.15365,0.03586,0,0.04669,0.056314,NA,2405.29,NA,36.794,26.0479,251.086,23.5584,NA,NA,4.29588,0.586625
CAR-107,7,0.06209,0.01464,0,0.03659,0,NA,2425.54,NA,36.78,25.917,277.255,25.9477,NA,NA,4.02157,0.5005
CAR-108,1,0.10175,0.0313,0.00537798,0.04119,0,NA,2420.94,NA,36.8877,25.6086,283.022,25.0034,NA,NA,4.76111,0.515125
CAR-108,7,0.03672,0.01727,0,0.03243,0,NA,2417.44,NA,36.8873,25.0991,364.558,31.9337,NA,NA,4.15323,0.560625
CAR-109,1,0.06603,0,0.0385696,0.04228,0.31587,8.06915,2445,2101.8,36.894,26.5571,97.9361,15.3403,NA,NA,2.21518,0.19305
CAR-109,7,0.03099,0,0.0626555,0.03955,0.279726,8.07679,2440.88,2092.9,36.9043,26.1763,124.522,13.5284,NA,NA,1.87506,0.199875
CAR-110,1,0.06456,0.01152,0.0207849,0.03491,0,8.0543,2454.95,2120,36.944,25.9731,103.945,16.1707,NA,68.81,1.46745,0.192888
CAR-110,7,0.10853,5.4e-4,0.0142427,0.04059,0,8.08298,2446.72,2093.9,36.948,25.7228,111.305,17.0766,NA,NA,1.72069,0.229775
CAR-111,1,0.00431,0.12688,0.599151,0.07284,1.99982,8.0437,2468,2138.8,36.8923,23.7798,307.862,53.6305,NA,65.68,11.4139,1.34062
CAR-111,7,0.28742,0.15384,0.814305,0.12248,2.70471,8.0511,2469.6,2135.9,36.8857,22.9383,356.884,58.5587,NA,NA,13.4008,1.31138
CAR-112,1,0.21932,0.00429,0,0.0686,0.112215,NA,2471.84,NA,36.9047,28.1886,76.6322,17.2248,NA,68.88,1.20959,0.0936
CAR-112,7,0.43473,0.0139,0,0.04084,1.97602,NA,NA,NA,36.9197,27.459,72.0103,15.3899,NA,NA,0.988837,0.106762
CAR-113,1,0.42399,0.01025,0,0.04594,2.06601,8.07914,2427,2079.8,36.7713,29.1855,71.3704,11.8532,NA,90.33,1.25282,0.097175
CAR-113,7,0.47159,0.01438,0,0.03438,1.72311,8.10709,NA,NA,36.7637,28.6683,67.3303,11.8532,NA,NA,1.53144,0.127238
CAR-114,1,0.0199,0.01015,0,0.05049,0.595064,8.06312,2443.44,2104.2,36.8283,NA,102.37,13.3333,NA,90.17,2.1274,0.1664
CAR-114,7,0.10794,0.01668,0,0.03514,0.830137,8.05868,NA,NA,36.859,27.0135,81.1636,10.8359,NA,NA,2.05591,0.149663
CAR-115,1,0.91192,0.01756,0,0.02756,0,8.06151,2407.41,2073,36.8323,26.2778,72.8303,8.08879,NA,76.87,2.09761,0.138288
CAR-115,7,0.24195,0.01791,0,0.02773,0,8.0707,NA,NA,36.8467,26.0256,88.2323,9.58723,NA,NA,2.02912,0.156163
CAR-116,1,0.06016,0.02388,0,0.0382,0,8.097,2386,2032.2,36.6823,29.1246,NA,NA,NA,NA,NA,0.152262
CAR-116,7,0.17111,0.04241,0,0.04811,0.083274,8.10582,2380.35,2021.8,36.6027,29.0682,NA,NA,NA,NA,NA,0.182812
CAR-117,1,0.16506,0.00789,0,0.04081,0.145001,8.07083,NA,NA,36.606,26.7594,112.487,13.0836,NA,76.92,8.40502,1.03188
CAR-117,7,0.18451,0.00316,0,0.03739,0.126492,8.07277,NA,NA,36.6183,26.7412,112.454,14.4988,NA,NA,6.84222,1.19275
CAR-118,1,0.33261,0.01021,0.112106,0.03144,8.61531,8.04766,NA,NA,36.8487,24.7157,174.711,21.7412,NA,76.16,7.40895,0.869375
CAR-118,7,0.21721,0.01414,0.118371,0.05053,1.06221,8.03956,NA,NA,36.8387,24.1565,161.968,22.2407,NA,NA,5.96478,0.897
CAR-119,1,-0.0017,0.01582,0.00147924,0.02415,0.285982,8.06863,2454.32,2110.3,36.9023,23.6777,330.096,35.0852,NA,69.39,16.8273,2.509
CAR-119,7,0.16138,0.08301,0.00775774,0.04588,0.892913,8.05988,2462.6,2123.5,36.885,23.5459,350,39.4212,NA,NA,15.1846,2.51333
CAR-120,1,0.13528,0.01268,0.0191223,0.0399,0.252801,8.035,2454.5,2132,36.9177,24.5049,67.4003,9.91654,NA,68.29,1.80851,0.300625
CAR-120,7,0.31554,0,0.207439,0.02871,0.432043,8.02561,2456.54,2139.7,36.894,24.4444,86.101,11.6774,NA,NA,1.77885,0.333125
CAR-121,1,0.11146,0.05905,0,0.02905,0.251891,8.05941,2406.72,2074,36.8693,23.9099,218.638,26.8766,NA,77.81,8.85662,0.54925
CAR-121,7,0.09914,0.06515,0,0.03175,0,8.05759,2422.92,2089.3,36.8413,22.9855,295.521,31.3792,NA,NA,5.62167,0.559
CAR-122,1,0.20743,0.02287,0.0190629,0.06089,1.39716,NA,2407.54,NA,36.708,28.0124,NA,NA,NA,84.15,1.61468,0.170625
CAR-122,7,0.24731,0.03985,0,0.05277,0.905069,NA,2408.89,NA,36.661,27.2392,NA,NA,NA,NA,1.78379,0.15145
CAR-123,1,0.25915,0.04296,0.0535091,0,0,8.05067,2437.94,2107.2,36.8757,25.9705,NA,NA,NA,73.06,NA,0.187363
CAR-123,7,0.26937,0.08229,0.035969,0,0,8.05284,2432.85,2101.3,36.8757,25.6903,NA,NA,NA,NA,NA,0.139587
CAR-124,1,0.15485,0.00713,0,0.01885,0.585652,8.05957,2419.81,2085.5,36.827,26.0439,NA,NA,NA,90.48,3.05317,0.257075
CAR-124,7,0.11883,0.00253,0,0.02285,0.446206,8.05576,2418.71,2087.1,36.8197,25.6516,NA,NA,NA,NA,2.33053,0.255937
CAR-125,1,0.19118,0.01752,0.125733,0,8.88532,8.0672,2424,2085.3,36.7087,27.4311,NA,NA,NA,83.23,2.64034,0.210763
CAR-125,7,0.37181,0.02085,0.0887953,0,0.713317,8.07788,2377.26,2035.9,36.7577,25.7676,NA,NA,NA,NA,2.56861,0.23205
CAR-126,1,0.26774,0.00201,0.102007,0.05906,0.538537,8.07723,2401.82,2060.5,36.524,28.7481,NA,NA,NA,97.81,1.99548,0.127562
CAR-126,7,0.33047,0.00308,0.104607,0.03741,0.576661,8.07823,2398.94,2057.3,36.526,27.8958,NA,NA,NA,NA,2.00537,0.131137
CAR-127,1,0.42566,0.08014,0.688855,0.15689,2.9552,8.04848,2389.75,2067.8,36.5783,26.829,NA,NA,NA,78.35,1.6688,0.143325
CAR-127,7,0.17129,0,0,0.03285,0.844036,8.053,2411.04,2083.7,36.5943,25.9262,NA,NA,NA,NA,1.50156,0.209625
CAR-128,1,0.02904,0.01773,0.212291,0.037,0.970646,8.09619,2379.16,2029.9,36.265,28.7159,57.415,10.18,NA,76.85,1.07225,0.0975
CAR-128,7,0.17291,0,0,0.02289,0.854933,8.0965,2402.23,2050.6,36.2587,28.534,64.74,11.5707,NA,NA,1.09676,0.073775
CAR-129,1,0.1085,0.00251,0,0.06266,1.09672,8.06471,2381.86,2050.4,36.5223,27.3389,126.138,9.9844,NA,79.18,1.57597,0.131625
CAR-129,7,0.04928,0,0,0.04433,1.76697,8.07225,2384.59,2048.5,36.538,26.8578,60.8493,8.40792,NA,NA,1.91932,0.114725
CAR-130,1,0.8965,0.20213,0.331158,0.15159,1.87285,8.04105,2421.21,2098.9,36.768,23.2623,395.32,58.1765,NA,73.31,21.236,3.796
CAR-130,7,0.2526,0.11811,0.117781,0.07669,0.371186,8.04829,2424.16,2097.3,36.771,22.9241,449.308,63.2319,NA,NA,18.0457,3.86967
CAR-131,1,0.06042,0.01268,0.0135736,0.04175,1.2017,8.02859,2493.78,2172.8,36.7387,24.5961,277.365,48.6622,NA,67.04,11.5379,1.1375
CAR-131,7,0.11175,0.03844,0.123363,0.02849,1.2034,8.01513,NA,NA,36.741,23.041,241.458,42.3639,NA,NA,8.95438,1.105
CAR-132,1,0.19525,0.04528,0.247863,0.01346,0.950151,8.02678,2419.2,2105.6,36.843,24.8677,124.869,21.8493,NA,67.43,6.14483,0.469625
CAR-132,7,0.17142,0.05581,0.187892,0.01186,1.17972,8.02864,2405.91,2092.3,36.8463,23.9891,165.453,30.3979,NA,NA,4.49145,0.489125
CAR-133,1,0,0.00171,0,0.02821,0.926154,8.04277,2417.4,2093.6,36.883,26.1765,39.5803,5.85529,NA,70.99,2.33261,0.198088
CAR-133,7,0.2642,0.03684,0.00315344,0.05835,1.20313,8.04227,2402.94,2081.1,36.8813,25.4455,44.408,6.77449,NA,NA,2.591,0.206537
CAR-134,1,0.07687,0.01331,0,0.04769,0.598703,8.07823,2408.25,2064,36.744,27.946,35.8148,5.57953,NA,75.74,1.0258100000000001,0.106112
CAR-134,7,0,0.00696,0,0.026950000000000002,0.425476,8.0758,2410.69,2067.6,36.7483,27.8026,29.1526,5.39569,NA,NA,1.46216,0.104487
CAR-135,1,0,0.00298,0,0.03867,0,8.0602,2419.84,2085.1,36.88,26.4807,159.879,9.25477,NA,73.61,3.73899,0.244237
CAR-135,7,0.06375,0.00663,0.00336919,0.02621,0,8.06721,2404.28,2066.6,36.8665,25.4081,167.019,20.5846,NA,NA,3.76621,0.23465
CAR-136,1,0.06273,0.04157,0,0.03453,0,8.07527,2390.65,2051.5,36.5783,28.6235,83.1209,11.5381,NA,88.08,3.03795,0.142838
CAR-136,7,0.02222,0.06232,0,0.05106,0,8.08324,2438.19,2089,36.577,28.3417,81.9495,12.7771,NA,NA,1.07234,0.14885
CAR-137,1,0.59048,0.01112,0,0.02377,1.38372,8.10653,2343.53,1994.4,35.8633,29.0408,54.7275,7.98634,NA,80.41,1.15777,0.112613
CAR-137,7,0.42979,0.05459,0.626418,0.06335,1.35489,8.08132,2349.46,2016.4,35.8417,28.6595,70.2909,9.50612,NA,NA,1.2844,0.119438
CAR-138,1,0.52978,0.04761,0.07547,0.03988,1.33408,8.09551,2398.18,2045.3,36.506,28.8323,71.1709,10.7859,NA,232.3,1.49528,0.0905125
CAR-138,7,0.10523,0.03883,0.052603,0.0215,1.42389,8.09326,2403.88,2052.4,36.4777,28.6265,72.1291,8.5315,NA,NA,1.52022,0.0949
CAR-140,1,0.09951,0.03262,0.032629,0.03789,1.89737,8.08403,2370.62,2029.5,36.346,27.9589,56.5687,1.65352,NA,75.29,1.02391,0.1326
CAR-140,7,0.48734,0.206,0.792182,0.08875,1.75379,8.08537,2379.02,2036.4,36.323,27.5808,76.5709,7.33567,NA,NA,1.14122,0.127075
CAR-141,1,0.51466,0.19713,0.978102,0.08958,0.545947,8.06283,2375.32,2043.7,36.7913,26.4852,92.5336,12.982,NA,90.33,1.87436,0.222787
CAR-141,7,0.18913,0.01528,0.0343327,0.12845,0.336843,8.04762,2405.02,2079.9,36.7867,25.4737,119.882,13.1292,NA,NA,0.845688,0.329062
CAR-142,1,0.1318,0.03983,0.0398374,0.03756,4.14395,8.04511,2481.61,2150.8,36.8623,24.7487,215.949,30.489,NA,NA,5.28698,0.91
CAR-142,7,0.15674,0.04614,0.0461462,0.03681,1.40107,8.04574,2411.49,2086.1,36.864,24.7057,208.433,29.7966,NA,NA,6.48515,0.91975
CAR-143,1,0.19849,0.05957,0.0595792,0.02018,0.595984,8.05973,2433.02,2097.9,36.7757,23.6155,272.061,31.3765,NA,67.21,5.84537,1.23825
CAR-143,7,0.05985,0.0203,0.0203038,0.03503,0.52134,8.06189,2448.54,2110.9,36.7787,23.4845,248.679,28.0906,NA,NA,7.38384,1.34225
CAR-144,1,0.25469,0.04245,0.0424532,0.11196,0.402557,8.05394,2411.26,2081.3,36.8373,24.2373,658.971,73.6521,136,71.1,3.1737,0.394875
CAR-144,7,0.34738,0.05482,0.0548292,0.04053,0.458653,8.0361,2433.49,2112.6,36.83,23.1952,NA,NA,50,NA,3.62627,0.411125
CAR-145,1,0,0,0.150845,0.0133,0.9167,8.05877,2427.05,2091.1,37.015,26.2313,74.4775,13.1574,22,70.35,2.8784,0.199063
CAR-145,7,1.30895,0.91931,5.22629,0.21269,1.0319,8.06299,2445.84,2105.5,37.025,25.7725,97.2445,15.4641,21,NA,2.94993,0.202313
CAR-146,1,0.26779,0.07181,0.120848,0.03228,0.779071,8.04975,2415.35,2086.5,36.9967,27.4994,76.2076,14.2489,29,71.01,0.99078,0.117
CAR-146,7,0.1659,0.01217,0.0121745,0.01973,0.92388,8.05207,2447.05,2113.9,36.996,27.1765,81.0463,15.5909,26,NA,0.735862,0.113263
CAR-147,1,0.12894,0.0354,0.0354093,0.02889,1.83473,8.03346,2415.16,2097.8,36.8847,26.1511,128.119,18.2464,44,64.2,2.05996,0.2002
CAR-147,7,0.27864,0.04723,0.0472389,0.03854,0.758875,8.04631,2427.61,2101,36.8947,24.9051,124.803,16.8937,41,NA,2.32656,0.177125
CAR-148,1,0.55547,0.04155,0.0415567,0.01737,1.47189,8.04762,2403.33,2079.1,36.6957,26.3478,128.685,19.7421,57,68.45,1.93385,0.234975
CAR-148,7,0.25099,0.06858,0.0685835,0.0107,1.53292,8.05167,2425.64,2096.7,36.6967,26.339,127.059,19.7041,62,NA,1.67011,0.259675
CAR-149,1,0.58331,0.07897,0.110461,0.04112,2.27706,8.08707,2404.35,2060.3,36.3577,29.9985,54.8893,5.48484,23,165,1.78798,0.136988
CAR-149,7,0,0.04946,0.0548391,0.00928,2.36975,8.09164,2409.11,2061.4,36.3613,29.4852,63.9226,8.60074,21,NA,1.8666,0.14105
CAR-150,1,0,0.01989,0.0602074,0.00998,2.72868,8.11426,2347.33,1991.7,36.036,29.9866,96.0931,15.8721,30,73.48,NA,0.101562
CAR-150,7,0.00684,0.00692,0.0453266,0.01633,4.09254,8.11077,2375.66,2019,36.023,29.492,80.3369,12.8645,27,NA,NA,0.09685
CAR-151,1,0.41043,0.22633,0.720673,0.09999,3.69441,8.05842,2384.6,2056.4,36.677,27.8586,82.8477,10.37,30,71.82,NA,0.122362
CAR-151,7,0.47917,0.04752,0.0507877,0.05063,4.09795,8.06587,2401.47,2066.7,36.607,27.0584,80.6646,10.1982,80,NA,NA,0.132113
CAR-152,1,0.04208,0.04297,0.0429715,0,7.92163,8.0731,2398.03,2058.5,36.6603,26.611,54.9604,5.7219,14,69.44,0.421487,0.117325
CAR-152,7,0.15627,0.08382,0.0838299,0,1.74324,8.07913,2401.86,2058.5,36.6787,26.6082,51.6232,5.50634,13,NA,NA,0.123825
CAR-153,1,0.13852,0.12634,0.126349,0.02433,1.11284,8.05616,2412.63,2081.9,36.821,24.9847,192.802,21.0964,48,68.1,7.28145,1.68025
CAR-153,7,0.1802,0.15697,0.156978,0.13538,1.26346,8.05412,2423.63,2092.9,36.837,24.984,212.744,27.1321,80,NA,10.1854,1.56975
CAR-154,1,0.19171,0.09908,0.247915,0.0447,0.256147,8.03025,2426.42,2109.8,36.85,NA,146.408,22.5162,NA,61.81,1.87911,0.31
CAR-154,7,NA,NA,NA,NA,NA,NA,NA,NA,NA,NA,NA,NA,NA,NA,2.23663,0.33
CAR-155,1,0.22413,0.06207,0.062073,0.09224,3.04089,8.02658,2407,2093.6,36.871,24.3899,161.893,20.8107,41,70.56,2.24198,0.706875
CAR-155,7,0.13036,0.05366,0.0536646,0,1.09884,8.03209,2408.88,2092.9,36.8643,23.9956,195.119,27.1079,76,NA,NA,0.713375
CAR-156,1,0.0459,0,0,0.01228,0.413316,8.02689,2416.79,2117.3,36.8903,24.3235,101.693,12.3694,NA,397.1,2.31642,0.26455
CAR-156,7,0.09628,2.3e-4,0.00667991,0.02777,0.303226,8.02761,2418.2,2117.6,36.886,24.3244,121.663,19.0566,NA,NA,1.94729,0.294937
CAR-157,1,0.03257,0.10375,0.25434,0.03018,2.1309,8.02856,2421.13,2105.7,36.866,24.4015,181.134,29.369,97,81.27,6.11367,0.69225
CAR-157,7,0.12722,0.15294,0.305858,0.02792,1.07381,8.02949,2428.51,2113,36.856,23.7113,203.459,33.5477,113,NA,7.16417,0.67275
CAR-158,1,0.14014,0.08401,0.0840122,0.01168,0.478556,8.01508,2428.12,2120.5,36.924,24.8686,553.105,17.4648,54,90.06,2.02449,0.312
CAR-158,7,0.30655,0.10937,0.109378,0.01073,0.613114,8.01587,2424.06,2116.2,36.914,23.7784,120.248,19.8709,100,NA,2.31529,0.316875
CAR-159,1,0.18967,0.02157,0.0215763,0.01378,0.950506,8.05872,2412.02,2078.5,36.9053,27.3512,62.5341,9.14098,32,92.22,1.17116,0.10985
CAR-159,7,0.17866,0.02806,0.0280685,0.0105,0.838931,8.05619,2429.85,2096.5,36.8953,26.0927,83.8382,10.9784,31,NA,NA,0.08775
CAR-160,1,0.09203,0.01229,0.0122955,0.00546,0,8.06069,2632.31,2276.3,36.8407,27.6683,113.489,16.4539,39,68.82,2.14102,0.2275
CAR-160,7,0.48127,0.06021,1.29646,0.06919,0,8.0596,2733.4,2368.1,36.8523,26.6609,108.616,15.0706,59,NA,NA,0.200038
CAR-161,1,0.27082,0.03094,0.332378,0.03366,0.566106,8.06495,2402.01,2067,36.756,27.6571,181.567,32.4983,40,71.98,1.39875,0.197925
CAR-161,7,2.41362,0.04895,8.30371,0.37314,0.692237,8.05809,NA,NA,36.739,27.3596,181.615,22.8557,48,NA,NA,0.253175
CAR-162,1,0.13516,0.0051,0.00510616,0.02381,0.97729,8.06532,2396.37,2063,36.575,27.4711,NA,NA,NA,69.45,1.80259,0.136987
CAR-162,7,0.0248,0,0,0.01597,1.45896,8.06823,2401.52,2065.8,36.5773,26.7982,NA,NA,NA,NA,NA,0.16575
CAR-163,1,0.3856,0.22753,0.526398,0.05084,3.41172,8.09239,2408.87,2055.3,36.7447,28.3492,71.13,8.61302,36,71.68,1.0946,0.12935
CAR-163,7,0.16718,0.06236,0.062363300000000003,0.0296,1.97715,8.09117,2339,1993.5,36.7403,28.2882,82.882,15.4438,31,NA,NA,0.113263
CAR-164,1,0.13613,0.00837,0.00837869,0.01496,0.759258,8.06546,2425.14,2086.7,36.8543,25.7667,113.411,11.262,32,67.2,1.15438,0.228312
CAR-164,7,0.15508,0.01503,0.0150313,0.01146,0.681178,8.0645,2430.73,2091.8,36.858,25.5218,127.811,12.6241,33,NA,NA,0.204587
CAR-165,1,0.45139,0.01195,0.324921,0.04905,1.52005,8.04492,2428.41,2102.1,36.907,25.6262,81.8562,10.7043,41,67.17,1.39275,0.230588
CAR-165,7,0.04422,0.01587,0.0158732,0.0227,2.5423,8.0454,2431.32,2104.7,36.909,25.0413,93.3714,10.5902,34,NA,NA,0.223925
CAR-166,1,0.55894,0.03434,13.9131,1.07248,11.6166,8.05559,2422.61,2089.3,36.8163,23.5512,434.936,50.1193,146,66.76,17.5569,3.49646
CAR-166,7,0.10653,0.02212,0.142867,0.03111,0.353577,8.07293,2476.84,2128.5,36.814,22.4462,574.089,64.9698,163,NA,14.167,3.69687
CAR-167,1,0.37108,0.01454,0.0145484,0.02358,2.10347,8.0584,2410.05,2077.7,36.8157,28.1498,78.8448,3.36152,30,69.1,1.5886,0.15405
CAR-167,7,0.61779,0.00547,0.00547138,0.02417,2.2191,8.06153,2429.09,2093.1,36.7857,26.8945,61.8235,11.7181,37,NA,NA,0.15665
CAR-168,1,0.60355,0.03319,0.694546,0.05749,1.37609,8.04843,2413.42,2086.7,36.8593,26.3251,117.645,9.16613,34,81.34,1.40864,0.174038
CAR-168,7,0.04168,0.0274,0.0274062,0.03214,1.16398,8.05227,2423.62,2093.6,36.855,25.8893,112.227,17.264,48,NA,2.68293,0.180538
CAR-169,1,0.0813,0.01864,0.0186477,0.04013,0.420257,8.06447,2436.73,2096.9,36.9437,25.8397,171.195,18.4179,60,85.66,1.26616,0.187525
CAR-169,7,0,0.00759,0.00759934,0,0.950638,8.06476,2446.25,2105.3,36.947,25.0401,172.654,19.8865,45,NA,NA,0.22555
CAR-170,1,0.17668,0.03316,0.149702,0.01806,1.43047,8.06889,2408.01,2069.8,36.7273,28.6466,86.4672,13.2164,36,76.1,1.34811,0.0908375
CAR-170,7,0.1773,0.02394,1.19327,0.01589,2.72896,8.07705,2407.44,2064,36.7567,28.5242,92.2784,14.5195,25,NA,NA,0.15925
CAR-171,1,0.04617,0,0.00844983,0.05752,1.85417,8.0517,2395.74,2070.6,36.5847,27.5877,50.3179,7.33676,6.8,125.4,1.23023,0.143488
CAR-171,7,0.0059,0.00456,0.00456512,0.01242,NA,8.04372,2385.63,2067,36.5827,27.2187,51.1343,12.3409,9.2,NA,1.50613,0.13325
CAR-172,1,0.37133,0.02486,0.0574586,0.04469,NA,8.10039,2395.04,2039.9,36.4538,30.0623,155.349,25.3555,43,89.91,2.0039,0.165587
CAR-172,7,0.16716,0.00809,0.0228159,0.03332,NA,8.10056,2404.1,2048.4,36.4066,29.2635,119.425,17.5038,37,NA,NA,0.172088
CAR-173,1,0.16668,0.07572,0.0757207,0.07105,4.73671,8.1107,NA,NA,36.209,29.5918,81.4875,13.9521,35,78.8,0.804394,0.160062
CAR-173,7,0.3142,0.12868,0.128689,0.08222,2.1444,8.10589,NA,NA,36.2166,29.6003,91.0424,13.2999,33,NA,NA,0.154863
CAR-174,1,0.77691,0.0294,0.0648652,0.05945,2.07776,8.10249,2385.49,2033,36.066,30.0477,NA,NA,30,75.65,0.914585,0.092625
CAR-174,7,0.29351,0.02306,0.0324733,0.05774,5.65149,8.10362,2401.76,2046.7,36.104,29.4936,NA,NA,31,NA,NA,0.0963625
CAR-175,1,0.97984,0.03197,0.031973,0.06294,2.64648,8.07102,2368.25,2037.2,36.1317,28.2158,NA,NA,35,80.5,1.64582,0.212225
CAR-175,7,5.02356,0.05797,6.80942,0.25954,2.84394,8.07043,2364.57,2034.1,36.1307,27.9506,NA,NA,26,NA,1.83369,0.211575
CAR-176,1,0.04749,0.09215,0,0,0.929957,8.0828,2411.92,2064.3,36.7167,25.8086,NA,NA,46,73.29,NA,0.94575
CAR-176,7,0.12956,0.09701,0,0.07108,0.773896,8.08522,2433.14,2081.8,36.743,25.8053,NA,NA,48,NA,NA,0.895375
CAR-177,1,0.39162,0.03708,8.69488e-4,0.0187,5.43416,8.0782,2414.25,2068.9,36.7927,24.7422,NA,NA,101,64.17,11.6787,2.7625
CAR-177,7,0.05167,0.02364,0,0.0231,4.24998,8.0822,2418.27,2069.9,36.7983,23.909,NA,NA,97,NA,10.0193,2.10058
CAR-178,1,0.71496,0.05358,0.00931321,0.0358,0.46975,8.0265,2418.91,2105.6,36.7947,25.5064,114.489,14.1723,52,71.1,2.91587,0.234667
CAR-178,7,0.5139,0.01656,0.00727537,0.02337,0.217277,8.0219,2421.71,2110.7,36.88,25.3888,120.849,15.9381,51,NA,NA,0.264667
CAR-179,1,0.15697,0.01718,0,0.0583,1.5562,8.05878,2409.09,2076.5,36.8077,24.6632,175.35,25.3492,51,71.51,1.1602,0.076
CAR-179,7,0.18451,0.01054,0,0.05884,0.23717,8.04031,2405.24,2085,36.813,23.6776,183.503,26.2436,36,NA,1.34046,0.199667
CAR-180,1,0.68276,0.01719,0,0.0252,1.71072,8.04384,2427.03,2102,36.8237,27.0038,122.582,19.51,32,76.46,1.4945,0.182333
CAR-180,7,0.44594,0.01961,0,0.01592,1.51227,8.04103,2442.62,2118.2,36.8423,26.243,103.403,16.2321,14,NA,NA,0.476667
CAR-181,1,0.11508,0.04493,0,0.00574,3.83907,8.09064,2399.4,2050.3,36.399,29.0849,92.5898,14.8613,24,73.71,0.0698271,0.118667
CAR-181,7,0.34925,0.03903,0,0.02679,3.45211,8.092,2363.24,2017.3,36.3863,28.6304,98.502,15.2529,29,NA,NA,0.108667
CAR-182,1,0.2437,0,0,0.0504,1.42096,8.04608,2419.81,2094.6,36.7867,27.2431,80.6593,12.4385,44,65.74,1.82273,0.169
CAR-182,7,0.01516,0,0,0.03192,1.20803,8.04678,2412.47,2087.3,36.7857,25.9152,104.172,14.7435,26,NA,NA,0.1425
CAR-183,1,0.21806,0.01803,0.0180354,0.03055,1.96841,8.05646,2415.36,2086.1,36.544,28.1752,95.5221,12.7406,54,78.18,NA,0.118833
CAR-183,7,0.45188,0.01548,0.0154893,0.02583,0.673411,8.06512,2441.02,2101.1,36.851,27.0127,132.204,18.0185,57,NA,NA,0.1245
CAR-184,1,0.2897,0.02601,0.0260143,0.00967,2.41216,8.07664,2385.75,2048.4,36.263,29.5405,64.8479,10.7265,23,73.62,1.21756,0.0998333
CAR-184,7,0.23079,0.02054,0.0205424,0.002,2.33594,8.08858,2389.66,2044.3,36.2507,28.6502,98.1387,16.0143,27,NA,NA,0.0936667
CAR-185,1,0.32788,0.06616,0.0661631,0.03306,1.37052,8.07007,2394.45,2058.7,36.503,27.9707,101.955,13.9446,36,70.49,1.86665,0.169
CAR-185,7,0.34917,0.0393,0.0393016,0.01188,1.43534,8.06976,2394.11,2058.6,36.4903,27.4927,104.982,14.5141,23,NA,NA,0.151333
CAR-186,1,0.09577,0,0,0.01711,1.72477,8.00625,2400.1,2104,36.4103,28.594,136.765,18.9738,37,75.31,0.873895,0.089
CAR-186,7,0.08291,0,0,0.01686,2.4753,8.06498,2398.55,2066.4,36.4017,28.1741,87.127,11.1217,28,NA,NA,0.0896667
CAR-187,1,0.03623,0,0,0.05739,1.33451,8.04125,2427.08,2104.2,36.793,25.213,181.45,23.5619,34,71.58,10.0036,2.88667
CAR-187,7,0.11396,0,0,0.05551,6.45252,8.04531,2427.05,2101.5,36.7933,25.0883,225.265,24.3108,17,NA,NA,3.16667
CAR-188,1,0.23249,0,0.0695523,0.0868,1.11838,8.03671,2406.7,2088.3,36.794,23.0205,174.803,25.0633,57,57.76,3.58207,0.601667
CAR-188,7,0.17102,0,0.0396174,0.06361,2.03134,8.03872,2399.62,2080.7,36.7843,22.7292,180.635,25.1056,70,NA,NA,0.526667
CAR-189,1,0.15376,0.04232,0.0413337,0.11477,2.14606,8.04036,2410.69,2090.7,36.6837,22.5812,699.291,121.92,509,59.97,33.6092,4.4775
CAR-189,7,0.19173,0.07231,0.544338,0.13539,2.06352,8.02764,2415.06,2102.1,36.688,21.3764,50.8906,11.6188,417,NA,18.9853,4.895
CAR-190,1,0.04635,0,0,0.02339,0.086767,8.0419,2419.47,2096.5,36.8297,24.7988,167.399,23.7485,43,69,2.04217,0.3105
CAR-190,7,0.23999,0,0,0.04084,0.241724,8.03867,2418.66,2097.8,36.825,24.0262,136.944,19.4367,98,NA,2.40894,0.305
CAR-191,1,0.19073,0,0,0.0523,1.55166,8.05513,2443.69,2111.7,36.4117,27.1822,106.493,12.0546,NA,72.77,1.78474,0.15535
CAR-191,7,0.15672,0,0,0.03866,1.6072,8.05718,2459.3,2124.5,36.4017,27.0191,117.552,12.7964,NA,NA,NA,0.129188
CAR-193,1,0.11253,0,0,0.01113,1.61781,8.04605,2399.09,2077.4,36.5983,26.846800000000002,112.984,18.1269,NA,78.39,1.28494,0.254312
CAR-193,7,0,0,0,0,1.61387,8.04406,2397.95,2077.1,36.5817,26.1027,134.077,21.4009,NA,NA,3.23585,0.269912
CAR-194,1,0.86826,0,0.329415,0.04805,1.4605,8.07034,2395.77,2060.2,36.452,28.2387,115.81,13.5474,NA,80.92,1.45528,0.112125
CAR-194,7,0,0,0,0.01277,1.21725,8.07484,2406.4,2066.5,36.4677,27.7617,114.609,16.7549,NA,NA,NA,0.1352
CAR-195,1,0.20418,0.00367,0,0.07767,2.27751,8.0569,2392.43,2065,36.4983,27.8374,NA,NA,NA,70.56,2.07539,0.166238
CAR-195,7,0.24973,0.00305,0,0.08524,2.55291,8.07361,2388.97,2050.9,36.4905,26.773,NA,NA,NA,NA,NA,0.166238
CAR-196,1,0.14676,0,0,0.05328,2.36029,8.07334,2379.65,2044,36.404,28.5377,NA,NA,NA,89.65,0.841585,0.110825
CAR-196,7,0.16408,0,0,0.05046,2.48722,8.08123,2402.19,2059.4,36.3973,27.7075,NA,NA,NA,NA,NA,0.11245
CAR-197,1,0,0.00161,0.00161254,0.02975,2.08818,8.10772,NA,NA,36.145,28.7592,NA,NA,NA,NA,0.669503,0.086125
CAR-197,7,0,0.00161,0.00161254,0.02295,1.69637,8.09537,NA,NA,36.1517,28.5786,NA,NA,NA,NA,NA,0.0858
CAR-198,1,0,0,0,0.04192,2.33791,8.04734,2376.68,2056.9,36.492,26.8158,76.7356,7.60319,26,NA,0.486982,0.10985
CAR-198,7,0,0,0,0.03944,2.66228,8.03983,2381.25,2065.6,36.5017,26.6174,92.7003,9.48411,43,NA,0.386183,0.107737
CAR-199,1,0.1546,0,0,0.02911,1.12441,8.02935,2399.86,2086.3,36.8567,24.6976,94.9752,11.0413,23,NA,1.74328,0.248625
CAR-199,7,0.15314,0,0,0.0238,1.06359,8.01544,2408.5,2102.8,36.8503,24.1028,99.7946,13.0786,58,NA,1.47195,0.237575
CAR-200,1,0.19663,0.00179,0,0.04471,3.72356,8.03297,2425.64,2106.5,36.9967,24.7671,202.912,21.5858,57,NA,3.08979,0.472875
CAR-200,7,0.24174,-0.0043,0,0.05008,2.44492,8.03593,2422.4,2101.7,36.9837,23.873,298.61,27.6414,53,NA,5.19687,0.51025
CAR-201,1,0.22014,0,0,0.05819,1.77221,8.02598,2419.8,2106,36.935,25.422,129.706,22.1685,45,73.41,2.71568,0.326625
CAR-201,7,0.07169,0,0,0.03014,1.65069,8.02733,2419.17,2104.6,36.93,24.8208,131.836,19.5455,32,NA,1.08089,0.333125
CAR-202,1,0.21821,0,0,0.04537,0.992969,8.04743,2425.54,2098.4,36.8353,26.6467,71.9326,9.81996,27,75.38,1.21042,0.20085
CAR-202,7,0.03368,0,0,0.02765,1.06286,8.04923,2426.31,2098.1,36.8417,25.7072,96.3592,12.9042,30,NA,1.22117,0.2015
CAR-203,1,0.08062,0,0,0,1.24315,8.04731,2439.38,2110.8,36.893,27.8812,117.856,17.7288,17,75.86,1.38286,0.112287
CAR-203,7,0.00954,0,0,0,2.22229,8.04909,2425.45,2097,36.905,27.2173,124.84,20.8538,28,NA,1.26334,0.126587
CAR-204,1,0.15701,0,0,0.0245,2.43463,8.03177,2431.18,2113.1,36.8775,NA,149.166,19.0951,14,70.77,1.92449,0.139587
CAR-204,7,0.27566,0,0,0.0272,2.51565,8.02263,2447.25,2133.3,36.8897,NA,165.152,23.5089,18,NA,1.92815,0.126588
CAR-205,1,0.18504,0,0,0.02763,1.79374,8.08763,2394.05,2047.8,36.4083,29.3587,107.479,13.9077,29,79.66,1.12308,0.1352
CAR-205,7,0.19362,0,0,0.02809,2.05654,8.09084,2402.11,2053.1,36.3993,29.0594,81.9318,10.9468,33,NA,1.06578,0.110825
CAR-206,1,0.27912,0,0,0.0433,1.68943,8.07691,2416.38,2073.6,36.5513,29.1026,102.235,11.7194,35,89.09,2.23683,0.127237
CAR-206,7,0.22252,0,0,0.02886,2.96577,8.07995,2411.41,2067.2,36.566,28.3587,74.0343,10.2573,31,NA,2.21327,0.143975
CAR-207,1,0.1733,0,0,0.03329,2.80041,8.06035,2410.02,2078.5,36.5317,27.2683,129.199,16.6162,38,76.6,2.24387,0.192725
CAR-207,7,0.17357,0,0,0.02381,2.6688,8.05589,2428.05,2097.7,36.5403,27.0686,131.502,17.5266,32,NA,2.44598,0.204912
CAR-208,1,0.28649,0,0,0.0742,2.33658,8.0503,2413.39,2086.4,36.724,26.7268,114.932,15.4792,39,72.89,0.865732,0.1287
CAR-208,7,0.25962,0,0,0.04837,0.773103,8.0517,2402.37,2075.7,36.7203,26.2943,139.017,13.0141,30,NA,1.05427,0.1313
CAR-209,1,0.28664,0.09621,0.282323,0.18117,1.82524,8.02696,2436.68,2121.5,36.8035,23.1043,164.803,19.8404,45,82.38,9.3955,1.06113
CAR-209,7,0.20368,0.09979,0.326912,0.12719,2.9618,8.02714,2411.04,2098.1,36.806,23.0716,156.42,21.0551,75,NA,7.64496,1.10337
CAR-210,1,0.28144,0.06953,0.135246,0.1611,2.02173,8.01456,2444.38,2136.9,36.7217,22.2824,171.059,26.8177,112,74.89,20.5061,2.98675
CAR-210,7,0.13035,0.06539,0.178366,0.16172,2.01654,8.02011,2442.47,2131.7,36.733,21.4712,239.325,34.4343,156,NA,13.4523,2.379
CAR-211,1,0.177,0,0,0.07604,0.839389,7.98683,2416.8,2127.9,36.8117,23.2502,204.929,24.2608,67,69.73,4.42311,0.73775
CAR-211,7,0.26035,0,0,0.07376,1.02984,7.9889,2396.3,2107.9,36.8187,22.4732,165.992,20.6249,89,NA,3.8757,1.755
CAR-212,1,0.14457,0,0,0.10906,NA,8.05183,2416.46,2088,36.7623,23.5664,273.536,34.7159,32,72.28,13.2976,5.12633
CAR-212,7,0.283,0,0,0.07883,1.33757,8.06279,2403.82,2069.6,36.7537,22.3355,283.029,34.8478,35,NA,10.6426,4.73417
CAR-213,1,0.55576,0,0,0.04839,2.47687,8.02431,2414.24,2102.3,36.8823,25.1026,128.248,18.1205,64,45.48,3.15314,0.1443
CAR-213,7,0.53312,0,0,0.04636,2.61763,8.02622,2418.28,2104.8,36.8853,24.2349,172.219,24.8593,83,NA,6.63775,0.117813
CAR-214,1,0.54352,0,0,0.06178,4.00533,8.04957,2395.08,2070.9,36.6457,28.0153,111.157,13.7485,59,69.81,1.19924,0.674375
CAR-214,7,0.42417,0,0,0.02747,3.54497,8.04423,2394.56,2073.8,36.6493,27.0348,109.807,14.0975,59,NA,1.52859,0.719875
CAR-215,1,NA,NA,NA,NA,NA,8.06891,2421.17,2082.4,36.6737,27.0536,75.9345,11.316,39,83.9,1.52329,0.111475
CAR-215,7,NA,NA,NA,NA,NA,8.06539,2420.47,2084,36.652,26.7266,75.4089,8.39806,42,NA,1.194,0.120413
CAR-216,1,0.0407,0,0,0,0.609408,8.05283,2412.03,2084.1,36.682,27.3283,91.9581,10.1907,46,87.98,1.91907,0.114238
CAR-216,7,0.19048,0,0.0791385,0.00711,0.632258,8.05859,2412.79,2081,36.694,27.2122,90.4763,10.2001,70,NA,1.85506,0.1053
CAR-217,1,0.02123,0.00381,0.00338882,0,2.42773,8.05205,2433.96,2102.9,36.8703,26.2771,133.874,9.34744,62,59.51,1.23017,0.230425
CAR-217,7,0.13359,0.00367,0.00412446,0.01269,0.126137,8.06435,2427.67,2089.6,36.848,25.5089,188.749,15.9819,66,NA,0.949059,0.263087
CAR-218,1,0.11337,0,0.00105468,0.00796,0.877558,NA,2441.57,NA,36.961,25.9307,143.307,15.7322,67,68.66,3.67078,0.32695
CAR-218,7,0.14349,0.0542,0,0.04058,0.167158,NA,2435.36,NA,36.9533,25.8949,140.378,15.633,117,NA,3.6531,0.329875
CAR-219,1,0.24385,0.03819,0.242227,0.05697,0.369622,8.00985,2433.2,2128.4,36.8953,23.6307,133.774,19.1166,59,75.69,1.46003,0.684125
CAR-219,7,0.10114,0.02805,0.165622,0,0.613284,8.01329,2410.93,2106.1,36.8883,23.6106,127.142,19.7147,87,NA,1.6583,0.635375
CAR-220,1,0.0816,0.02805,0.0279664,0,1.01205,8.03371,2436.52,2116.4,36.9273,23.4004,129.415,18.0733,66,89.55,16.5059,1.96787
CAR-220,7,0.223,0.01671,0.0156804,0.01739,0.898321,8.0388,2430.66,2107.8,36.9457,23.0395,141.056,15.4567,52,NA,15.6614,2.06375
CAR-221,1,0.09634,0.00201,0.0500772,0.01773,0.763778,7.98559,2422.2,2132.9,NA,25.298,133.936,20.3138,65,67.58,3.24804,0.248138
CAR-221,7,0.1766,0,0.0292731,0,0.260731,8.14982,2419.91,2024.5,36.908,25.2566,135.148,19.8467,65,NA,3.04872,0.240013
CAR-222,1,0.71015,0.10064,0.318527,0.00189,0.936954,8.00096,2366.45,2072.8,36.906,25.3631,165.086,29.0718,95,66.35,6.35238,0.4615
CAR-222,7,0.0798,0.12251,0.31418,0,1.3554,8.00111,2384.2,2089,36.894,24.2013,262.33,50.8201,NA,NA,6.20635,0.495625
CAR-223,1,0.26007,0,0.021258,0.00209,0.2801,8.04016,3038.31,2658.6,36.7917,26.6313,125.804,19.31,80,78.81,6.86504,0.313625
CAR-223,7,0.30664,0.00239,0.0244028,0.01451,0.403678,8.04116,2406.22,2085.5,36.7773,26.1318,153.717,20.514,79,NA,5.57661,0.291525
CAR-224,1,0.70918,0.00491,0.00605934,0.00309,2.32033,8.03832,2419.51,2098.5,36.869,25.9035,151.474,19.8816,26,114.4,2.20074,0.33
CAR-224,7,0.07892,5.6e-4,0.0144425,0.00458,0.988056,8.03285,2431.89,2113.2,36.875,25.4719,154.296,21.1782,21,NA,2.75419,0.32
CAR-225,1,0.74588,0.05023,0.789818,0.04743,0.272096,7.94423,2417.1,2152.2,36.8993,25.6678,112.95,17.31,87,80.09,4.83889,0.57
CAR-225,7,0.15949,0.03684,0.638949,0,2.19081,7.98551,2420.55,2131.6,36.8833,25.1454,139.09,19.22,75,NA,4.66273,0.48
CAR-226,1,0.51186,0.00939,0.0677221,0.09346,0.538722,8.044,2434.32,2107.7,36.9487,24.3108,379.992,30.1836,113,103.5,13.6603,1.88
CAR-226,7,0.30951,0.00519,0.0412086,0,0.443792,8.04312,2438.48,2112.2,36.942,23.7806,428.838,42.5027,123,NA,9.23152,1.92
CAR-227,1,0.28666,0,0.0157679,0.06355,0.088831,8.05076,2405.08,2076.8,36.9783,24.4754,211.885,25.6314,91,66.83,4.3266,0.45
CAR-227,7,0.19682,0.00667,0.00443199,0.0277,0.677088,8.0502300000000009,2411.48,2082.9,36.981,23.7155,233.57,28.5747,84,NA,7.72735,0.5
CAR-228,1,0.31729,0.00343,0.203677,0.0845,0.235367,8.0303,2420.51,2104,36.925,26.4087,104.551,10.2097,NA,78.17,3.32356,0.171275
CAR-228,7,0.27547,0.00319,0.219149,0.08882,0.102063,8.03371,2419.41,2100.9,36.927,26.1685,126.718,12.1024,201,NA,1.68662,0.171113
CAR-229,1,0.0364,0.00678,0.0255129,0.01221,0.809374,NA,2421.36,NA,36.847,27.0032,114.218,15.3855,7.1,83.05,NA,0.15
CAR-229,7,0.06448,0.00698,0.00714123,0.0294,0.55416,NA,2411.81,NA,36.905,26.8561,104.863,11.4919,37,NA,NA,0.15
CAR-230,1,0.07596,0,0,0,2.47182,8.06392,NA,NA,36.8403,28.6725,136.218,15.032,38,83.59,1.50272,0.146737
CAR-230,7,0.16931,0,0,0,2.58991,8.06395,2409.34,2073.4,36.831,28.2128,104.305,11.5345,45,NA,1.24192,0.130975
CAR-231,1,0.11854,0,0.211061,0.05,0.344584,8.05039,2411.57,2084.6,36.7637,26.6264,167.579,17.6128,59,79.34,1.85717,0.245212
CAR-231,7,0.11769,0,0.22264,0.04,0.41797,8.04586,2397.85,2075.1,36.7577,26.582,175.199,18.0128,36,NA,1.66371,0.272837
CAR-232,1,0.31914,0.02355,0.304051,0.15,0.437114,8.04393,2214.35,1909.1,36.8847,24.718,249.652,37.4882,89,57.43,5.68161,0.638625
CAR-232,7,0.30983,0.0237,0.230891,0.13,0.124538,8.0391,2255.69,1949.5,36.8827,24.39,248.015,39.9844,89,NA,5.50518,0.72475
